0 0 0 0 0 0 0 0 0 0 0 0 0 0 0 0 0 0 0 0 0 0 0 0 0 0 0 0 0 0 0 0 0 0 0 0 0 0 0 0 0 0 0 0 0 0 0 0 0 0 0 0 0 0 0 0 0 0 0 0 0 0 0 0 0 0 0 0 0 0 0 0 0 0 0 0 0 0 0 0 0 0 0 0 0 0 0 0 0 0 0 0 0 0 0 0 0 0 0 0 0 0 0 0 0 0 0 0 0 0 0 0 0 0 0 0 0 0 0 0 0 0 0 0 0 0 0 0
0 0 0 0 0 0 0 0 0 0 0 0 0 0 0 0 0 0 0 0 0 0 0 0 0 0 0 0 0 0 0 0 0 0 0 0 0 0 0 0 0 0 0 0 0 0 0 0 0 0 0 0 0 0 0 0 0 0 0 0 0 0 0 0 0 0 0 0 0 0 0 0 0 0 0 0 0 0 0 0 0 0 0 0 0 0 0 0 0 0 0 0 0 0 0 0 0 0 0 0 0 0 0 0 0 0 0 0 0 0 0 0 0 0 0 0 0 0 0 0 0 0 0 0 0 0 0 0
0 0 0 0 0 0 0 0 0 0 0 0 0 0 0 0 0 0 0 0 0 0 0 0 0 0 0 0 0 0 0 0 0 0 0 0 0 0 0 0 0 0 0 0 0 0 0 0 0 0 0 0 0 0 0 0 0 0 0 0 0 0 0 0 0 0 0 0 0 0 0 0 0 0 0 0 0 0 0 0 0 0 0 0 0 0 0 0 0 0 0 0 0 0 0 0 0 0 0 0 0 0 0 0 0 0 0 0 0 0 0 0 0 0 0 0 0 0 0 0 0 0 0 0 0 0 0 0
0 0 0 0 0 0 0 0 0 0 0 0 0 0 0 0 0 0 0 0 0 0 0 0 0 0 0 0 0 0 0 0 0 0 0 0 0 0 0 0 0 0 0 0 0 0 0 0 0 0 0 0 0 0 0 0 0 0 0 0 0 0 0 0 0 0 0 0 0 0 0 0 0 0 0 0 0 0 0 0 0 0 0 0 0 0 0 0 0 0 0 0 0 0 0 0 0 0 0 0 0 0 0 0 0 0 0 0 0 0 0 0 0 0 0 0 0 0 0 0 0 0 0 0 0 0 0 0
0 0 0 0 0 0 0 0 0 0 0 0 0 0 0 0 0 0 0 0 0 0 0 0 0 0 0 0 0 0 0 0 0 0 0 0 0 0 0 0 0 0 0 0 0 0 0 0 0 0 0 0 0 0 0 0 0 0 0 0 0 0 0 0 0 0 0 0 0 0 0 0 0 0 0 0 0 0 0 0 0 0 0 0 0 0 0 0 0 0 0 0 0 0 0 0 0 0 0 0 0 0 0 0 0 0 0 0 0 0 0 0 0 0 0 0 0 0 0 0 0 0 0 0 0 0 0 0
0 0 0 0 0 0 0 0 0 0 0 0 0 0 0 0 0 0 0 0 0 0 0 0 0 0 0 0 0 0 0 0 0 0 0 0 0 0 0 0 0 0 0 0 0 0 0 0 0 0 0 0 0 0 0 0 0 0 0 0 0 0 0 0 0 0 0 0 0 0 0 0 0 0 0 0 0 0 0 0 0 0 0 0 0 0 0 0 0 0 0 0 0 0 0 0 0 0 0 0 0 0 0 0 0 0 0 0 0 0 0 0 0 0 0 0 0 0 0 0 0 0 0 0 0 0 0 0
0 0 0 0 0 0 0 0 0 0 0 0 0 0 0 0 0 0 0 0 0 0 0 0 0 0 0 0 0 0 0 0 0 0 0 0 0 0 0 0 0 0 0 0 0 0 0 0 0 0 0 0 0 0 0 0 0 0 0 0 0 0 0 0 0 0 0 0 0 0 0 0 0 0 0 0 0 0 0 0 0 0 0 0 0 0 0 0 0 0 0 0 0 0 0 0 0 0 0 0 0 0 0 0 0 0 0 0 0 0 0 0 0 0 0 0 0 0 0 0 0 0 0 0 0 0 0 0
0 0 0 0 0 0 0 0 0 0 0 0 0 0 0 0 0 0 0 0 0 0 0 0 0 0 0 0 0 0 0 0 0 0 0 0 0 0 0 0 0 0 0 0 0 0 0 0 0 0 0 0 0 0 0 0 0 0 0 0 0 0 0 0 0 0 0 0 0 0 0 0 0 0 0 0 0 0 0 0 0 0 0 0 0 0 0 0 0 0 0 0 0 0 0 0 0 0 0 0 0 0 0 0 0 0 0 0 0 0 0 0 0 0 0 0 0 0 0 0 0 0 0 0 0 0 0 0
0 0 0 0 0 0 0 0 0 0 0 0 0 0 0 0 0 0 0 0 0 0 0 0 0 0 0 0 0 0 0 0 0 0 0 0 0 0 0 0 0 0 0 0 0 0 0 0 0 0 0 0 0 0 0 0 0 0 0 0 0 0 0 0 0 0 0 0 0 0 0 0 0 0 0 0 0 0 0 0 0 0 0 0 0 0 0 0 0 0 0 0 0 0 0 0 0 0 0 0 0 0 0 0 0 0 0 0 0 0 0 0 0 0 0 0 0 0 0 0 0 0 0 0 0 0 0 0
0 0 0 0 0 0 0 0 0 0 0 0 0 0 0 0 0 0 0 0 0 0 0 0 0 0 0 0 0 0 0 0 0 0 0 0 0 0 0 0 0 0 0 0 0 0 0 0 0 0 0 0 0 0 0 0 0 0 0 0 0 0 0 0 0 0 0 0 0 0 0 0 0 0 0 0 0 0 0 0 0 0 0 0 0 0 0 0 0 0 0 0 0 0 0 0 0 0 0 0 0 0 0 0 0 0 0 0 0 0 0 0 0 0 0 0 0 0 0 0 0 0 0 0 0 0 0 0
0 0 0 0 0 0 0 0 0 0 0 0 0 0 0 0 0 0 0 0 0 0 0 0 0 0 0 0 0 0 0 0 0 0 0 0 0 0 0 0 0 0 0 0 0 0 0 0 0 0 0 0 0 0 0 0 0 0 0 0 0 0 0 0 0 0 0 0 0 0 0 0 0 0 0 0 0 0 0 0 0 0 0 0 0 0 0 0 0 0 0 0 0 0 0 0 0 0 0 0 0 0 0 0 0 0 0 0 0 0 0 0 0 0 0 0 0 0 0 0 0 0 0 0 0 0 0 0
0 0 0 0 0 0 0 0 0 0 0 0 0 0 0 0 0 0 0 0 0 0 0 0 0 0 0 0 0 0 0 0 0 0 0 0 0 0 0 0 0 0 0 0 0 0 0 0 0 0 0 0 0 0 0 0 0 0 0 0 0 0 0 0 0 0 0 0 0 0 0 0 0 0 0 0 0 0 0 0 0 0 0 0 0 0 0 0 0 0 0 0 0 0 0 0 0 0 0 0 0 0 0 0 0 0 0 0 0 0 0 0 0 0 0 0 0 0 0 0 0 0 0 0 0 0 0 0
0 0 0 0 0 0 0 0 0 0 0 0 0 0 0 0 0 0 0 0 0 0 0 0 0 0 0 0 0 0 0 0 0 0 0 0 0 0 0 0 0 0 0 0 0 0 0 0 0 0 0 0 0 0 0 0 0 0 0 0 0 0 0 0 0 0 0 0 0 0 0 0 0 0 0 0 0 0 0 0 0 0 0 0 0 0 0 0 0 0 0 0 0 0 0 0 0 0 0 0 0 0 0 0 0 0 0 0 0 0 0 0 0 0 0 0 0 0 0 0 0 0 0 0 0 0 0 0
0 0 0 0 0 0 0 0 0 0 0 0 0 0 0 0 0 0 0 0 0 0 0 0 0 0 0 0 0 0 0 0 0 0 0 0 0 0 0 0 0 0 0 0 0 0 0 0 0 0 0 0 0 0 0 0 0 0 0 0 0 0 0 0 0 0 0 0 0 0 0 0 0 0 0 0 0 0 0 0 0 0 0 0 0 0 0 0 0 0 0 0 0 0 0 0 0 0 0 0 0 0 0 0 0 0 0 0 0 0 0 0 0 0 0 0 0 0 0 0 0 0 0 0 0 0 0 0
0 0 0 0 0 0 0 0 0 0 0 0 0 0 0 0 0 0 0 0 0 0 0 0 0 0 0 0 0 0 0 0 0 0 0 0 0 0 0 0 0 0 0 0 0 0 0 0 0 0 0 0 0 0 0 0 0 0 0 0 0 0 0 0 0 0 0 0 0 0 0 0 0 0 0 0 0 0 0 0 0 0 0 0 0 0 0 0 0 0 0 0 0 0 0 0 0 0 0 0 0 0 0 0 0 0 0 0 0 0 0 0 0 0 0 0 0 0 0 0 0 0 0 0 0 0 0 0
0 0 0 0 0 0 0 0 0 0 0 0 0 0 0 0 0 0 0 0 0 0 0 0 0 0 0 0 0 0 0 0 0 0 0 0 0 0 0 0 0 0 0 0 0 0 0 0 0 0 0 0 0 0 0 0 0 0 0 0 0 0 0 0 0 0 0 0 0 0 0 0 0 0 0 0 0 0 0 0 0 0 0 0 0 0 0 0 0 0 0 0 0 0 0 0 0 0 0 0 0 0 0 0 0 0 0 0 0 0 0 0 0 0 0 0 0 0 0 0 0 0 0 0 0 0 0 0
0 0 0 0 0 0 0 0 0 0 0 0 0 0 0 0 0 0 0 0 0 0 0 0 0 0 0 0 0 0 0 0 0 0 0 0 0 0 0 0 0 0 0 0 0 0 0 0 0 0 0 0 0 0 0 0 0 0 0 0 0 0 0 0 0 0 0 0 0 0 0 0 0 0 0 0 0 0 0 0 0 0 0 0 0 0 0 0 0 0 0 0 0 0 0 0 0 0 0 0 0 0 0 0 0 0 0 0 0 0 0 0 0 0 0 0 0 0 0 0 0 0 0 0 0 0 0 0
0 0 0 0 0 0 0 0 0 0 0 0 0 0 0 0 0 0 0 0 0 0 0 0 0 0 0 0 0 0 0 0 0 0 0 0 0 0 0 0 0 0 0 0 0 0 0 0 0 0 0 0 0 0 0 0 0 0 0 0 0 0 0 0 0 0 0 0 0 0 0 0 0 0 0 0 0 0 0 0 0 0 0 0 0 0 0 0 0 0 0 0 0 0 0 0 0 0 0 0 0 0 0 0 0 0 0 0 0 0 0 0 0 0 0 0 0 0 0 0 0 0 0 0 0 0 0 0
0 0 0 0 0 0 0 0 0 0 0 0 0 0 0 0 0 0 0 0 0 0 0 0 0 0 0 0 0 0 0 0 0 0 0 0 0 0 0 0 0 0 0 0 0 0 0 0 0 0 0 0 0 0 0 0 0 0 0 0 0 0 0 0 0 0 0 0 0 0 0 0 0 0 0 0 0 0 0 0 0 0 0 0 0 0 0 0 0 0 0 0 0 0 0 0 0 0 0 0 0 0 0 0 0 0 0 0 0 0 0 0 0 0 0 0 0 0 0 0 0 0 0 0 0 0 0 0
0 0 0 0 0 0 0 0 0 0 0 0 0 0 0 0 0 0 0 0 0 0 0 0 0 0 0 0 0 0 0 0 0 0 0 0 0 0 0 0 0 0 0 0 0 0 0 0 0 0 0 0 0 0 0 0 0 0 0 0 0 0 0 0 0 0 0 0 0 0 0 0 0 0 0 0 0 0 0 0 0 0 0 0 0 0 0 0 0 0 0 0 0 0 0 0 0 0 0 0 0 0 0 0 0 0 0 0 0 0 0 0 0 0 0 0 0 0 0 0 0 0 0 0 0 0 0 0
0 0 0 0 0 0 0 0 0 0 0 0 0 0 0 0 0 0 0 0 0 0 0 0 0 0 0 0 0 0 0 0 0 0 0 0 0 0 0 0 0 0 0 0 0 0 0 0 0 0 0 0 0 0 0 0 0 0 0 0 0 0 0 0 0 0 0 0 0 0 0 0 0 0 0 0 0 0 0 0 0 0 0 0 0 0 0 0 0 0 0 0 0 0 0 0 0 0 0 0 0 0 0 0 0 0 0 0 0 0 0 0 0 0 0 0 0 0 0 0 0 0 0 0 0 0 0 0
0 0 0 0 0 0 0 0 0 0 0 0 0 0 0 0 0 0 0 0 0 0 0 0 0 0 0 0 0 0 0 0 0 0 0 0 0 0 0 0 0 0 0 0 0 0 0 0 0 0 0 0 0 0 0 0 0 0 0 0 0 0 0 0 0 0 0 0 0 0 0 0 0 0 0 0 0 0 0 0 0 0 0 0 0 0 0 0 0 0 0 0 0 0 0 0 0 0 0 0 0 0 0 0 0 0 0 0 0 0 0 0 0 0 0 0 0 0 0 0 0 0 0 0 0 0 0 0
0 0 0 0 0 0 0 0 0 0 0 0 0 0 0 0 0 0 0 0 0 0 0 0 0 0 0 0 0 0 0 0 0 0 0 0 0 0 0 0 0 0 0 0 0 0 0 0 0 0 0 0 0 0 0 0 0 0 0 0 0 0 0 0 0 0 0 0 0 0 0 0 0 0 0 0 0 0 0 0 0 0 0 0 0 0 0 0 0 0 0 0 0 0 0 0 0 0 0 0 0 0 0 0 0 0 0 0 0 0 0 0 0 0 0 0 0 0 0 0 0 0 0 0 0 0 0 0
0 0 0 0 0 0 0 0 0 0 0 0 0 0 0 0 0 0 0 0 0 0 0 0 0 0 0 0 0 0 0 0 0 0 0 0 0 0 0 0 0 0 0 0 0 0 0 0 0 0 0 0 6.34192454127e-05 0.0165539325281 0.0739760161989 0.13702099777 0.19617480311 0.251686052804 0.300675489117 0.344250146509 0.379274486009 0.408904863308 0.425270661571 0.44153778217 0.438093149755 0.438340149654 0.418208012671 0.399749197554 0.366686456988 0.330661313304 0.285433004038 0.236665619343 0.182331632748 0.125527723615 0.066965628533 0.014726154857 5.45615926301e-05 0 0 0 0 0 0 0 0 0 0 0 0 0 0 0 0 0 0 0 0 0 0 0 0 0 0 0 0 0 0 0 0 0 0 0 0 0 0 0 0 0 0 0 0 0 0 0 0 0 0 0
0 0 0 0 0 0 0 0 0 0 0 0 0 0 0 0 0 0 0 0 0 0 0 0 0 0 0 0 0 0 0 0 0 0 0 0 0 0 0 0 0 0 0 0 0 0 0.000640434895706 0.0439224865803 0.157601730853 0.283119175837 0.416285743859 0.544209646843 0.672194370949 0.779209060163 0.832757623639 0.870766777856 0.899543950182 0.921841751119 0.938218345508 0.951492863382 0.958856654444 0.968129107589 0.965921141729 0.976237975192 0.966393574034 0.974567738439 0.961953763342 0.962383508478 0.949675681985 0.939434027121 0.921271410351 0.899572808448 0.870768823482 0.832762710579 0.786001937049 0.720366350229 0.613450491121 0.489287270856 0.367816170925 0.245518691255 0.133172192038 0.0361927476852 0.000479505350093 0 0 0 0 0 0 0 0 0 0 0 0 0 0 0 0 0 0 0 0 0 0 0 0 0 0 0 0 0 0 0 0 0 0 0 0 0 0 0 0 0 0 0 0 0
0 0 0 0 0 0 0 0 0 0 0 0 0 0 0 0 0 0 0 0 0 0 0 0 0 0 0 0 0 0 0 0 0 0 0 0 0 0 0 0 0 0 0.00446591852876 0.0952537849201 0.265570201565 0.459046268108 0.661975695534 0.816322081944 0.891754176152 0.940907071454 0.977106897827 0.991373908841 0.998853433074 0.999959579734 1 1 1 1 0.999693077192 1 0.999096008564 1 0.99645350194 1 0.995256600862 1 0.996456834618 1 0.999111330087 1 0.999696800558 1 1 1 1 0.999078254232 0.991314297125 0.973338645942 0.944497902766 0.891653596628 0.821169479184 0.724461171983 0.568842935455 0.382408983117 0.215380298888 0.0735921379509 0.00296885915036 3.34910051081e-16 3.34910051081e-16 3.34910051081e-16 3.34910051081e-16 3.34910051081e-16 3.34910051081e-16 3.34910051081e-16 3.34910051081e-16 3.34910051081e-16 3.34910051081e-16 3.34910051081e-16 3.34910051081e-16 3.34910051081e-16 3.34910051081e-16 3.34910051081e-16 3.34910051081e-16 3.34910051081e-16 3.34910051081e-16 3.34910051081e-16 3.34910051081e-16 3.34910051081e-16 3.34910051081e-16 3.34910051081e-16 3.34910051081e-16 3.34910051081e-16 3.34910051081e-16 3.34910051081e-16 3.34910051081e-16 3.34910051081e-16 3.34910051081e-16 3.34910051081e-16 3.34910051081e-16 3.34910051081e-16 3.34910051081e-16 3.34910051081e-16 3.34910051081e-16 3.34910051081e-16 3.34910051081e-16 3.34910051081e-16 3.34910051081e-16 3.34910051081e-16
0 0 0 0 0 0 0 0 0 0 0 0 0 0 0 0 0 0 0 0 0 0 0 0 0 0 0 0 0 0 0 0 0 0 0 0 0 0 0 0.0237272781342 0.188196767166 0.430454034925 0.68595403189 0.869140397802 0.936849450247 0.984523955423 1 0.998068448063 0.998708482336 0.999511272172 1 0.99934889879 0.999376272944 0.999631577961 0.999739425474 0.999827944213 0.999874264958 0.999928752959 0.999365075419 1 0.998768006791 1 0.996125500167 1 0.994928599089 1 0.996128832845 1 0.998783328314 1 0.999368798785 0.999926289155 0.999870101251 0.999818083862 0.999724256936 0.999609368149 0.999335574769 0.999605918729 1 0.999054247091 0.998603831454 0.996783067061 0.986160785095 0.939250522233 0.862018954634 0.755460591739 0.559799612978 0.339165882865 0.138220477646 0.0159827550026 0 0 0 0 0 0 0 0 0 0 0 0 0 0 0 0 0 0 0 0 0 0 0 0 0 0 0 0 0 0 0 0 0 0 0 0 0 0
0 0 0 0 0 0 0 0 0 0 0 0 0 0 0 0 0 0 0 0 0 0 0 0 0 0 0 0 0 0 0 0 0 0 0 0 0.0105233175771 0.166831417503 0.455007369284 0.767083952686 0.914263510456 0.982977596 0.9963998807 1 0.996324625791 1 1 0.998150034773 0.998790069046 0.999592858882 1 0.999430485501 0.999457859654 0.999713164671 0.999821012184 0.999909530924 0.999955851668 1 0.999446662129 1 0.998849593501 1 0.996207086877 1 0.995010185799 1 0.996210419555 1 0.998864915024 1 0.999450385495 1 0.999951687961 0.999899670572 0.999805843646 0.999690954859 0.99941716148 0.999687505439 1 0.999135833801 0.998685418164 0.997987907816 1 0.99959512164 0.99603487111 1 0.973711262918 0.920986212802 0.79482511353 0.605771963856 0.340093478548 0.11258647411 0.00585576935692 0 0 0 0 0 0 0 0 0 0 0 0 0 0 0 0 0 0 0 0 0 0 0 0 0 0 0 0 0 0 0 0 0 0 0
0 0 0 0 0 0 0 0 0 0 0 0 0 0 0 0 0 0 0 0 0 0 0 0 0 0 0 0 0 0 0 0 0 0 0.0463126575593 0.314484832246 0.680984439541 0.910421176122 0.983427959047 1 0.995607386934 1 0.996650544845 1 0.995970984674 1 1 0.997796393657 0.998436427929 0.999239217765 1 0.999076844384 0.999104218537 0.999359523554 0.999467371067 0.999555889807 0.999602210551 0.999656698553 0.999093021012 1 0.998495952384 1 0.99585344576 1 0.994656544683 1 0.995856778438 1 0.998511273908 1 0.999096744378 0.999654234748 0.999598046844 0.999546029455 0.99945220253 0.999337313742 0.999063520363 0.999333864322 1 0.998782192684 0.998331777047 0.997634266699 1 0.999241480523 0.995681229994 1 0.993836898769 1 0.995738380959 0.983935830941 0.910983985175 0.754934831816 0.500036812955 0.209062397613 0.0263764410189 0 0 0 0 0 0 0 0 0 0 0 0 0 0 0 0 0 0 0 0 0 0 0 0 0 0 0 0 0 0 0 0 0
0 0 0 0 0 0 0 0 0 0 0 0 0 0 0 0 0 0 0 0 0 0 0 0 0 0 0 0 0 0 0 0 0.0607312227627 0.389056911652 0.790764735663 0.963255459643 0.999703702151 0.999520400854 0.998859059357 1 0.996362416954 1 0.997405574865 1 0.996726014694 1 1 0.998551423676 0.999191457949 0.999994247785 1 0.999831874403 0.999859248557 1 1 1 1 1 0.999848051032 1 0.999250982404 1 0.99660847578 1 0.995411574702 1 0.996611808458 1 0.999266303927 1 0.999851774398 1 1 1 1 1 0.999818550382 1 1 0.999537222704 0.999086807067 0.998389296719 1 0.999996510543 0.996436260013 1 0.994591928789 1 0.996552587266 1 1 0.998142277242 0.957897100468 0.824678098475 0.574869484999 0.245187802856 0.0314568886734 0.000507563036122 0.000507563036122 0.000507563036122 0.000507563036122 0.000507563036122 0.000507563036122 0.000507563036122 0.000507563036122 0.000507563036122 0.000507563036122 0.000507563036122 0.000507563036122 0.000507563036122 0.000507563036122 0.000507563036122 0.000507563036122 0.000507563036122 0.000507563036122 0.000507563036122 0.000507563036122 0.000507563036122 0.000507563036122 0.000507563036122 0.000507563036122 0.000507563036122 0.000507563036122 0.000507563036122 0.000507563036122 0.000507563036122 0.000507563036122 0.000507563036122
0 0 0 0 0 0 0 0 0 0 0 0 0 0 0 0 0 0 0 0 0 0 0 0 0 0 0 0 0 0 0.0351584913218 0.352469835827 0.809234424358 0.976599089487 0.999833677549 1 1 0.999179595851 0.998518254354 1 0.996021611951 1 0.997064769862 1 0.996385209691 1 1 0.998210618673 0.998850652946 0.999653442782 1 0.9994910694 0.999518443554 0.999773748571 0.999881596084 0.999970114823 1 1 0.999507246029 1 0.998910177401 1 0.996267670777 1 0.995070769699 1 0.996271003455 1 0.998925498924 1 0.999510969395 1 1 0.999960254472 0.999866427546 0.999751538759 0.999477745379 0.999748089339 1 0.999196417701 0.998746002064 0.998048491716 1 0.99965570554 0.99609545501 1 0.994251123786 1 0.996211782263 1 1 0.99903087473 0.999592492162 0.999306839033 0.974327482105 0.835770451511 0.556806308284 0.203530549237 0.0135737936085 0 0 0 0 0 0 0 0 0 0 0 0 0 0 0 0 0 0 0 0 0 0 0 0 0 0 0 0 0
0 0 0 0 0 0 0 0 0 0 0 0 0 0 0 0 0 0 0 0 0 0 0 0 0 0 0 0 0.00335376126132 0.208516482906 0.71691774058 0.970166437378 1 0.997512698095 0.99924646243 0.999754481469 0.999647044726 0.998592380733 0.997931039235 1 0.995434396832 1 0.996477554744 1 0.995797994573 1 1 0.997623403555 0.998263437827 0.999066227663 1 0.998903854282 0.998931228435 0.999186533453 0.999294380965 0.999382899705 0.99942922045 0.999483708451 0.99892003091 1 0.998322962283 1 0.995680455659 1 0.994483554581 1 0.995683788336 1 0.998338283806 1 0.998923754276 0.999481244646 0.999425056742 0.999373039354 0.999279212428 0.99916432364 0.998890530261 0.99916087422 1 0.998609202582 0.998158786945 0.997461276598 1 0.999068490422 0.995508239892 1 0.993663908667 1 0.995624567145 0.999764262529 1 0.998443659611 0.999005277044 0.998813926418 1 0.99934845279 0.963960179251 0.789053430842 0.442335221787 0.0973199354438 0.000213881099178 0 0 0 0 0 0 0 0 0 0 0 0 0 0 0 0 0 0 0 0 0 0 0 0 0 0 0
0 0 0 0 0 0 0 0 0 0 0 0 0 0 0 0 0 0 0 0 0 0 0 0 0 0 0 0.0444671336458 0.472044784322 0.924540642278 1 0.999246635236 1 0.99927590094 1 1 1 1 0.99969424208 1 0.997197599677 1 0.998240757588 1 0.997561197417 1 1 0.999386606399 1 1 1 1 1 1 1 1 1 1 1 1 1 1 0.997443658503 1 0.996246757425 1 0.997446991181 1 1 1 1 1 1 1 1 1 1 1 1 1 0.99992198979 0.999224479442 1 1 0.997271442736 1 0.995427111512 1 0.99738776999 1 1 1 1 1 1 1 0.999301332952 1 0.922988261385 0.643518459225 0.232583395023 0.0135433968376 4.73579508942e-16 4.73579508942e-16 4.73579508942e-16 4.73579508942e-16 4.73579508942e-16 4.73579508942e-16 4.73579508942e-16 4.73579508942e-16 4.73579508942e-16 4.73579508942e-16 4.73579508942e-16 4.73579508942e-16 4.73579508942e-16 4.73579508942e-16 4.73579508942e-16 4.73579508942e-16 4.73579508942e-16 4.73579508942e-16 4.73579508942e-16 4.73579508942e-16 4.73579508942e-16 4.73579508942e-16 4.73579508942e-16 4.73579508942e-16 4.73579508942e-16 4.73579508942e-16
0 0 0 0 0 0 0 0 0 0 0 0 0 0 0 0 0 0 0 0 0 0 0 0 0 0 0.121515318997 0.69530739819 0.985694019534 0.999441473662 0.999150149758 0.997273993342 1 0.997303259046 0.999037023382 0.99954504242 0.999437605678 0.998382941684 0.997721600187 1 0.995224957784 1 0.996268115695 1 0.995588555524 1 1 0.997413964506 0.998053998779 0.998856788615 1 0.998694415233 0.998721789386 0.998977094404 0.999084941917 0.999173460656 0.999219781401 0.999274269402 0.998710591862 0.999943782584 0.998113523234 1 0.99547101661 1 0.994274115532 1 0.995474349288 1 0.998128844757 0.999931506162 0.998714315228 0.999271805598 0.999215617694 0.999163600305 0.999069773379 0.998954884592 0.998681091212 0.998951435172 1 0.998399763534 0.997949347897 0.997251837549 1 0.998859051373 0.995298800843 1 0.993454469619 1 0.995415128096 0.999554823481 1 0.998234220562 0.998795837995 0.998604487369 1 0.999208359602 0.997328691059 1 0.998663249071 0.981926694469 0.772515400579 0.358389024817 0.040184654346 0 0 0 0 0 0 0 0 0 0 0 0 0 0 0 0 0 0 0 0 0 0 0 0 0
0 0 0 0 0 0 0 0 0 0 0 0 0 0 0 0 0 0 0 0 0 0 0 0 0.000330246301463 0.199018976408 0.81920324995 1 0.99794847439 0.999435518998 0.999144195094 0.997268038678 1 0.997297304382 0.999031068717 0.999539087756 0.999431651013 0.99837698702 0.997715645522 1 0.995219003119 1 0.996262161031 1 0.99558260086 1 1 0.997408009842 0.998048044114 0.99885083395 1 0.998688460569 0.998715834722 0.99897113974 0.999078987252 0.999167505992 0.999213826737 0.999268314738 0.998704637197 0.99993782792 0.99810756857 1 0.995465061946 1 0.994268160868 1 0.995468394623 1 0.998122890093 0.999925551498 0.998708360563 0.999265850933 0.999209663029 0.999157645641 0.999063818715 0.998948929927 0.998675136548 0.998945480507 1 0.998393808869 0.997943393232 0.997245882885 1 0.998853096709 0.995292846179 1 0.993448514954 1 0.995409173432 0.999548868816 1 0.998228265898 0.998789883331 0.998598532705 1 0.999202404937 0.997322736395 1 0.998657294406 1 0.994199389965 0.852316251372 0.435659615815 0.0619141159939 5.55111512313e-17 5.55111512313e-17 5.55111512313e-17 5.55111512313e-17 5.55111512313e-17 5.55111512313e-17 5.55111512313e-17 5.55111512313e-17 5.55111512313e-17 5.55111512313e-17 5.55111512313e-17 5.55111512313e-17 5.55111512313e-17 5.55111512313e-17 5.55111512313e-17 5.55111512313e-17 5.55111512313e-17 5.55111512313e-17 5.55111512313e-17 5.55111512313e-17 5.55111512313e-17 5.55111512313e-17 5.55111512313e-17 5.55111512313e-17
0 0 0 0 0 0 0 0 0 0 0 0 0 0 0 0 0 0 0 0 0 0 0 0.00054179245749 0.236495409584 0.877887700127 1 1 1 1 1 0.999531898049 1 0.999561163753 1 1 1 1 0.999979504893 1 0.99748286249 1 0.998526020401 1 0.99784646023 1 1 0.999671869213 1 1 1 1 1 1 1 1 1 1 1 1 1 1 0.997728921316 1 0.996532020239 1 0.997732253994 1 1 1 1 1 1 1 1 1 1 1 1 1 1 0.999509742255 1 1 0.997556705549 1 0.995712374325 1 0.997673032803 1 1 1 1 1 1 1 0.999586595766 1 1 1 0.999897346035 1 0.89075372172 0.462419752088 0.0656319037794 1.2490009027e-16 1.2490009027e-16 1.2490009027e-16 1.2490009027e-16 1.2490009027e-16 1.2490009027e-16 1.2490009027e-16 1.2490009027e-16 1.2490009027e-16 1.2490009027e-16 1.2490009027e-16 1.2490009027e-16 1.2490009027e-16 1.2490009027e-16 1.2490009027e-16 1.2490009027e-16 1.2490009027e-16 1.2490009027e-16 1.2490009027e-16 1.2490009027e-16 1.2490009027e-16 1.2490009027e-16 1.2490009027e-16
0 0 0 0 0 0 0 0 0 0 0 0 0 0 0 0 0 0 0 0 0 0 0 0.213268141787 0.881684497509 0.998863528695 0.997879324407 1 0.997786573331 0.999273617939 0.998982294035 0.997106137619 1 0.997135403323 0.998869167658 0.999377186697 0.999269749954 0.998215085961 0.997553744463 1 0.99505710206 1 0.996100259972 1 0.9954206998 1 1 0.997246108783 0.997886143055 0.998688932891 1 0.99852655951 0.998553933663 0.99880923868 0.998917086193 0.999005604933 0.999051925677 0.999106413679 0.998542736138 0.999775926861 0.997945667511 1 0.995303160887 1 0.994106259809 1 0.995306493564 1 0.997960989034 0.999763650439 0.998546459504 0.999103949874 0.99904776197 0.998995744581 0.998901917656 0.998787028868 0.998513235489 0.998783579448 1 0.99823190781 0.997781492173 0.997083981826 1 0.99869119565 0.99513094512 1 0.993286613895 1 0.995247272373 0.999386967757 1 0.998066364839 0.998627982271 0.998436631646 0.99992670311 0.999040503878 0.997160835336 1 0.998495393347 1 0.997471585605 0.999375173419 0.998556702931 0.893365962594 0.433717680777 0.0481021786826 0 0 0 0 0 0 0 0 0 0 0 0 0 0 0 0 0 0 0 0 0 0
0 0 0 0 0 0 0 0 0 0 0 0 0 0 0 0 0 0 0 0 0 0 0.143716417672 0.840765864028 1 1 0.999076412264 1 0.998983661189 1 1 0.998303225477 1 0.998332491181 1 1 1 0.999412173819 0.998750832321 1 0.996254189918 1 0.997297347829 1 0.996617787658 1 1 0.99844319664 0.999083230913 0.999886020749 1 0.999723647368 0.999751021521 1 1 1 1 1 0.999739823996 1 0.999142755368 1 0.996500248744 1 0.995303347667 1 0.996503581422 1 0.999158076891 1 0.999743547362 1 1 1 1 0.999984116726 0.999710323347 0.999980667306 1 0.999428995668 0.998978580031 0.998281069683 1 0.999888283507 0.996328032977 1 0.994483701753 1 0.996444360231 1 1 0.999263452697 0.999825070129 0.999633719503 1 1 0.998357923194 1 0.999692481205 1 0.998668673463 1 0.999753790789 0.99974543761 0.863332872383 0.355156822367 0.0225802161538 1.28369537222e-16 1.28369537222e-16 1.28369537222e-16 1.28369537222e-16 1.28369537222e-16 1.28369537222e-16 1.28369537222e-16 1.28369537222e-16 1.28369537222e-16 1.28369537222e-16 1.28369537222e-16 1.28369537222e-16 1.28369537222e-16 1.28369537222e-16 1.28369537222e-16 1.28369537222e-16 1.28369537222e-16 1.28369537222e-16 1.28369537222e-16 1.28369537222e-16 1.28369537222e-16
0 0 0 0 0 0 0 0 0 0 0 0 0 0 0 0 0 0 0 0 0 0.0602236315426 0.731713879385 0.99889457748 1 0.999512381743 0.998528177455 1 0.99843542638 0.999922470988 0.999631147084 0.997754990668 1 0.997784256372 0.999518020707 1 0.999918603003 0.99886393901 0.998202597512 1 0.995705955109 1 0.99674911302 1 0.996069552849 1 1 0.997894961832 0.998534996104 0.99933778594 1 0.999175412559 0.999202786712 0.999458091729 0.999565939242 0.999654457982 0.999700778726 0.999755266728 0.999191589187 1 0.998594520559 1 0.995952013935 1 0.994755112858 1 0.995955346613 1 0.998609842083 1 0.999195312553 0.999752802923 0.999696615019 0.99964459763 0.999550770705 0.999435881917 0.999162088538 0.999432432497 1 0.998880760859 0.998430345222 0.997732834874 1 0.999340048698 0.995779798168 1 0.993935466944 1 0.995896125422 1 1 0.998715217888 0.99927683532 0.999085484695 1 0.999689356927 0.997809688385 1 0.999144246396 1 0.998120438654 1 0.99920555598 0.999350573995 0.999079536553 0.780097341272 0.239358346395 0.00409351729441 0 0 0 0 0 0 0 0 0 0 0 0 0 0 0 0 0 0 0 0
0 0 0 0 0 0 0 0 0 0 0 0 0 0 0 0 0 0 0 0 0.00776980102997 0.524200841655 0.990938807192 0.998378239567 0.999308147649 0.998567439325 0.997583235037 1 0.997490483962 0.99897752857 0.998686204666 0.99681004825 1 0.996839313954 0.998573078289 0.999081097328 0.998973660585 0.997918996592 0.997257655094 1 0.994761012691 1 0.995804170602 1 0.995124610431 1 1 0.996950019413 0.997590053686 0.998392843522 1 0.998230470141 0.998257844294 0.998513149311 0.998620996824 0.998709515564 0.998755836308 0.998810324309 0.998246646769 0.999479837491 0.997649578141 1 0.995007071517 1 0.993810170439 1 0.995010404195 1 0.997664899664 0.999467561069 0.998250370135 0.998807860505 0.998751672601 0.998699655212 0.998605828286 0.998490939499 0.99821714612 0.998487490079 1 0.997935818441 0.997485402804 0.996787892456 1 0.99839510628 0.99483485575 1 0.992990524526 1 0.994951183004 0.999090878388 1 0.99777027547 0.998331892902 0.998140542276 0.99963061374 0.998744414509 0.996864745967 1 0.998199303978 1 0.997175496235 0.999079084049 0.998260613562 0.998405631576 0.999400410204 0.988187902939 0.625635877653 0.115209751322 1.08246744901e-15 1.08246744901e-15 1.08246744901e-15 1.08246744901e-15 1.08246744901e-15 1.08246744901e-15 1.08246744901e-15 1.08246744901e-15 1.08246744901e-15 1.08246744901e-15 1.08246744901e-15 1.08246744901e-15 1.08246744901e-15 1.08246744901e-15 1.08246744901e-15 1.08246744901e-15 1.08246744901e-15 1.08246744901e-15 1.08246744901e-15 1.08246744901e-15
0 0 0 0 0 0 0 0 0 0 0 0 0 0 0 0 0 0 0 0 0.256427375668 0.945318499697 1 1 1 1 1 1 1 1 1 1 1 1 1 1 1 1 1 1 0.998821323402 1 0.999864481314 1 0.999184921143 1 1 1 1 1 1 1 1 1 1 1 1 1 1 1 1 1 0.999067382229 1 0.997870481151 1 0.999070714906 1 1 1 1 1 1 1 1 1 1 1 1 1 1 1 1 1 0.998895166462 1 0.997050835237 1 0.999011493715 1 1 1 1 1 1 1 1 1 1 1 1 1 1 1 1 1 0.943486605368 0.410640452795 0.0275240308452 0 0 0 0 0 0 0 0 0 0 0 0 0 0 0 0 0 0 0
0 0 0 0 0 0 0 0 0 0 0 0 0 0 0 0 0 0 0 0.0476487872063 0.761454454453 0.997591273025 0.99852154892 0.997830809237 0.998760717318 0.998020008995 0.997035804707 1 0.996943053631 0.998430098239 0.998138774335 0.996262617919 1 0.996291883623 0.998025647958 0.998533666997 0.998426230255 0.997371566261 0.996710224764 1 0.99421358236 1 0.995256740272 1 0.994577180101 0.999549280813 1 0.996402589083 0.997042623356 0.997845413191 1 0.99768303981 0.997710413963 0.997965718981 0.998073566494 0.998162085233 0.998208405978 0.998262893979 0.997699216438 0.998932407161 0.997102147811 1 0.994459641187 1 0.993262740109 1 0.994462973865 1 0.997117469334 0.998920130739 0.997702939805 0.998260430175 0.998204242271 0.998152224882 0.998058397956 0.997943509168 0.997669715789 0.997940059748 1 0.99738838811 0.996937972474 0.996240462126 1 0.99784767595 0.99428742542 1 0.992443094195 1 0.994403752673 0.998543448058 1 0.997222845139 0.997784462572 0.997593111946 0.99908318341 0.998196984179 0.996317315636 1 0.997651873647 1 0.996628065905 0.998531653719 0.997713183231 0.997858201246 0.998852979873 0.99825702894 0.997906225116 0.775552991008 0.18910527426 0.000375315035649 0 0 0 0 0 0 0 0 0 0 0 0 0 0 0 0 0 0
0 0 0 0 0 0 0 0 0 0 0 0 0 0 0 0 0 0 0 0.388516307767 0.97885317431 0.99845769899 0.999314910211 0.998624170528 0.999554078609 0.998813370286 0.997829165998 1 0.997736414922 0.99922345953 0.998932135626 0.99705597921 1 0.997085244914 0.998819009249 0.999327028288 0.999219591546 0.998164927552 0.997503586055 1 0.995006943651 1 0.996050101563 1 0.995370541392 1 1 0.997195950374 0.997835984647 0.998638774482 1 0.998476401101 0.998503775254 0.998759080272 0.998866927785 0.998955446524 0.999001767269 0.99905625527 0.998492577729 0.999725768452 0.997895509102 1 0.995253002478 1 0.9940561014 1 0.995256335156 1 0.997910830625 0.99971349203 0.998496301096 0.999053791466 0.998997603562 0.998945586173 0.998851759247 0.998736870459 0.99846307708 0.998733421039 1 0.998181749402 0.997731333765 0.997033823417 1 0.998641037241 0.995080786711 1 0.993236455486 1 0.995197113964 0.999336809349 1 0.99801620643 0.998577823863 0.998386473237 0.999876544701 0.99899034547 0.997110676927 1 0.998445234938 1 0.997421427196 0.99932501501 0.998506544522 0.998651562537 0.999646341164 0.999050390231 0.99871184232 0.978905875466 0.4783652443 0.0407888004951 5.82867087928e-16 5.82867087928e-16 5.82867087928e-16 5.82867087928e-16 5.82867087928e-16 5.82867087928e-16 5.82867087928e-16 5.82867087928e-16 5.82867087928e-16 5.82867087928e-16 5.82867087928e-16 5.82867087928e-16 5.82867087928e-16 5.82867087928e-16 5.82867087928e-16 5.82867087928e-16 5.82867087928e-16 5.82867087928e-16
0 0 0 0 0 0 0 0 0 0 0 0 0 0 0 0 0 0 0.0641122177075 0.817338924395 1 1 1 1 1 1 0.999594617638 1 0.999501866562 1 1 0.99882143085 1 0.998850696554 1 1 1 0.999930379192 0.999269037695 1 0.996772395291 1 0.997815553203 1 0.997135993032 1 1 0.998961402014 0.999601436287 1 1 1 1 1 1 1 1 1 1 1 0.999660960742 1 0.997018454118 1 0.99582155304 1 0.997021786796 1 0.999676282265 1 1 1 1 1 1 1 1 1 1 0.999947201042 0.999496785405 0.998799275057 1 1 0.996846238351 1 0.995001907126 1 0.996962565604 1 1 0.99978165807 1 1 1 1 0.998876128567 1 1 1 0.999186878836 1 1 1 1 1 1 1 0.799840648892 0.186515081241 2.11127215362e-05 0 0 0 0 0 0 0 0 0 0 0 0 0 0 0 0 0
0 0 0 0 0 0 0 0 0 0 0 0 0 0 0 0 0 0 0.374275540371 0.976119338566 1 1 1 1 1 1 0.999410748931 1 0.999317997856 1 1 0.998637562144 1 0.998666827848 1 1 1 0.999746510485 0.999085168988 1 0.996588526585 1 0.997631684496 1 0.996952124325 1 1 0.998777533307 0.99941756758 1 1 1 1 1 1 1 1 1 1 1 0.999477092035 1 0.996834585411 1 0.995637684333 1 0.996837918089 1 0.999492413558 1 1 1 1 1 1 1 1 1 1 0.999763332335 0.999312916698 0.99861540635 1 1 0.996662369644 1 0.99481803842 1 0.996778696898 1 1 0.999597789364 1 0.99996805617 1 1 0.998692259861 1 1 1 0.999003010129 1 1 1 1 1 1 1 0.979511088002 0.427025806384 0.0238703775844 1.04083408559e-16 1.04083408559e-16 1.04083408559e-16 1.04083408559e-16 1.04083408559e-16 1.04083408559e-16 1.04083408559e-16 1.04083408559e-16 1.04083408559e-16 1.04083408559e-16 1.04083408559e-16 1.04083408559e-16 1.04083408559e-16 1.04083408559e-16 1.04083408559e-16 1.04083408559e-16 1.04083408559e-16
0 0 0 0 0 0 0 0 0 0 0 0 0 0 0 0 0 0.0249410343263 0.750990560889 0.998920205894 0.999893806889 0.998691877929 0.99954908915 0.998858349467 0.999788257549 0.999047549225 0.998063344937 1 0.997970593862 0.99945763847 0.999166314566 0.99729015815 1 0.997319423854 0.999053188189 0.999561207227 0.999453770485 0.998399106491 0.997737764994 1 0.995241122591 1 0.996284280502 1 0.995604720331 1 1 0.997430129313 0.998070163586 0.998872953422 1 0.99871058004 0.998737954194 0.998993259211 0.999101106724 0.999189625463 0.999235946208 0.999290434209 0.998726756669 0.999959947391 0.998129688041 1 0.995487181417 1 0.994290280339 1 0.995490514095 1 0.998145009564 0.999947670969 0.998730480035 0.999287970405 0.999231782501 0.999179765112 0.999085938186 0.998971049399 0.998697256019 0.998967599979 1 0.998415928341 0.997965512704 0.997268002356 1 0.99887521618 0.99531496565 1 0.993470634426 1 0.995431292903 0.999570988288 1 0.99825038537 0.998812002802 0.998620652176 1 0.999224524409 0.997344855866 1 0.998679413878 1 0.997655606135 0.999559193949 0.998740723462 0.998885741476 0.999880520104 0.99928456917 0.998946021259 0.999922577269 0.998576573437 0.714140661091 0.118009750191 2.22044604925e-16 2.22044604925e-16 2.22044604925e-16 2.22044604925e-16 2.22044604925e-16 2.22044604925e-16 2.22044604925e-16 2.22044604925e-16 2.22044604925e-16 2.22044604925e-16 2.22044604925e-16 2.22044604925e-16 2.22044604925e-16 2.22044604925e-16 2.22044604925e-16 2.22044604925e-16 2.22044604925e-16
0 0 0 0 0 0 0 0 0 0 0 0 0 0 0 0 0 0.229394543553 0.939249038832 1 1 1 1 1 1 1 1 1 1 1 1 0.999489506149 1 0.999518771853 1 1 1 1 0.999937112994 1 0.99744047059 1 0.998483628502 1 0.997804068331 1 1 0.999629477313 1 1 1 1 1 1 1 1 1 1 1 1 1 1 0.997686529417 1 0.996489628339 1 0.997689862094 1 1 1 1 1 1 1 1 1 1 1 1 1 1 0.999467350356 1 1 0.99751431365 1 0.995669982425 1 0.997630640903 1 1 1 1 1 1 1 0.999544203866 1 1 1 0.999854954135 1 1 1 1 1 1 1 1 0.925217193264 0.272089229423 0.00200289387265 1.390380866e-15 1.390380866e-15 1.390380866e-15 1.390380866e-15 1.390380866e-15 1.390380866e-15 1.390380866e-15 1.390380866e-15 1.390380866e-15 1.390380866e-15 1.390380866e-15 1.390380866e-15 1.390380866e-15 1.390380866e-15 1.390380866e-15 1.390380866e-15
0 0 0 0 0 0 0 0 0 0 0 0 0 0 0 0 0 0.528957690151 0.993356236579 1 1 0.999783618516 1 0.999950090054 1 1 0.999155085524 1 0.999062334448 1 1 0.998381898736 1 0.99841116444 1 1 1 0.999490847078 0.998829505581 1 0.996332863177 1 0.997376021089 1 0.996696460918 1 1 0.9985218699 0.999161904173 0.999964694008 1 0.999802320627 0.99982969478 1 1 1 1 1 0.999818497255 1 0.999221428628 1 0.996578922004 1 0.995382020926 1 0.996582254682 1 0.999236750151 1 0.999822220621 1 1 1 1 1 0.999788996606 1 1 0.999507668927 0.999057253291 0.998359742943 1 0.999966956767 0.996406706237 1 0.994562375012 1 0.99652303349 1 1 0.999342125956 0.999903743389 0.999712392763 1 1 0.998436596453 1 0.999771154464 1 0.998747346722 1 0.999832464048 0.999977482063 1 1 1 1 0.999668314024 0.999105955112 0.496513007073 0.0335820403996 0 0 0 0 0 0 0 0 0 0 0 0 0 0 0 0
0 0 0 0 0 0 0 0 0 0 0 0 0 0 0 0 0.0402181013322 0.801661131388 0.999580380106 0.998726379381 0.999699980376 0.998498051416 0.999355262638 0.998664522954 0.999594431036 0.998853722712 0.997869518424 1 0.997776767349 0.999263811957 0.998972488053 0.997096331637 1 0.997125597341 0.998859361676 0.999367380715 0.999259943972 0.998205279979 0.997543938481 1 0.995047296078 1 0.99609045399 1 0.995410893818 1 1 0.997236302801 0.997876337073 0.998679126909 1 0.998516753528 0.998544127681 0.998799432698 0.998907280211 0.998995798951 0.999042119695 0.999096607697 0.998532930156 0.999766120879 0.997935861528 1 0.995293354904 1 0.994096453827 1 0.995296687582 1 0.997951183052 0.999753844457 0.998536653522 0.999094143892 0.999037955988 0.998985938599 0.998892111674 0.998777222886 0.998503429507 0.998773773466 1 0.998222101828 0.997771686191 0.997074175844 1 0.998681389668 0.995121139138 1 0.993276807913 1 0.995237466391 0.999377161775 1 0.998056558857 0.998618176289 0.998426825664 0.999916897128 0.999030697896 0.997151029354 1 0.998485587365 1 0.997461779623 0.999365367437 0.998546896949 0.998691914964 0.999686693591 0.999090742658 0.998752194746 0.999728750756 0.998382746924 0.999225193225 0.719803277161 0.106076881571 1.22124532709e-15 1.22124532709e-15 1.22124532709e-15 1.22124532709e-15 1.22124532709e-15 1.22124532709e-15 1.22124532709e-15 1.22124532709e-15 1.22124532709e-15 1.22124532709e-15 1.22124532709e-15 1.22124532709e-15 1.22124532709e-15 1.22124532709e-15 1.22124532709e-15 1.22124532709e-15
0 0 0 0 0 0 0 0 0 0 0 0 0 0 0 0 0.208762610915 0.921279280239 0.998504360679 0.997650359953 0.998623960949 0.997422031989 0.99827924321 0.997588503527 0.998518411608 0.997777703285 0.996793498997 1 0.996700747921 0.998187792529 0.997896468625 0.996020312209 1 0.996049577913 0.997783342249 0.998291361287 0.998183924545 0.997129260551 0.996467919054 1 0.99397127665 1 0.995014434562 1 0.994334874391 0.999306975103 0.999891810593 0.996160283373 0.996800317646 0.997603107482 1 0.9974407341 0.997468108253 0.997723413271 0.997831260784 0.997919779523 0.997966100268 0.998020588269 0.997456910729 0.998690101451 0.996859842101 1 0.994217335477 1 0.993020434399 1 0.994220668155 1 0.996875163624 0.998677825029 0.997460634095 0.998018124465 0.997961936561 0.997909919172 0.997816092246 0.997701203459 0.997427410079 0.997697754039 1 0.997146082401 0.996695666764 0.995998156416 1 0.99760537024 0.99404511971 1 0.992200788485 1 0.994161446963 0.998301142348 1 0.996980539429 0.997542156862 0.997350806236 0.9988408777 0.997954678469 0.996075009926 1 0.997409567938 1 0.996385760195 0.998289348009 0.997470877521 0.997615895536 0.998610674163 0.99801472323 0.997676175319 0.998652731329 0.997306727497 0.998149173798 0.884494576634 0.206672085318 1.20462597079e-05 6.79435620179e-16 6.79435620179e-16 6.79435620179e-16 6.79435620179e-16 6.79435620179e-16 6.79435620179e-16 6.79435620179e-16 6.79435620179e-16 6.79435620179e-16 6.79435620179e-16 6.79435620179e-16 6.79435620179e-16 6.79435620179e-16 6.79435620179e-16 6.79435620179e-16
0 0 0 0 0 0 0 0 0 0 0 0 0 0 0 0 0.42013736402 0.979962588491 1 1 1 1 1 1 1 1 1 1 1 1 1 1 1 1 1 1 1 1 1 1 0.998671311732 1 0.999714469643 1 0.999034909472 1 1 1 1 1 1 1 1 1 1 1 1 1 1 1 1 1 0.998917370558 1 0.997720469481 1 0.998920703236 1 1 1 1 1 1 1 1 1 1 1 1 1 1 1 1 1 0.998745154791 1 0.996900823567 1 0.998861482045 1 1 1 1 1 1 1 1 1 1 1 1 1 1 1 1 1 1 1 1 1 0.98902182795 0.340383320637 0.00597993999196 0 0 0 0 0 0 0 0 0 0 0 0 0 0 0
0 0 0 0 0 0 0 0 0 0 0 0 0 0 0 0.000296055501382 0.632790630926 0.997073854754 0.999946345706 0.999092344981 1 0.998864017016 0.999721228237 0.999030488554 0.999960396636 0.999219688312 0.998235484024 1 0.998142732949 0.999629777557 0.999338453653 0.997462297237 1 0.997491562941 0.999225327276 0.999733346314 0.999625909572 0.998571245578 0.997909904081 1 0.995413261678 1 0.996456419589 1 0.995776859418 1 1 0.9976022684 0.998242302673 0.999045092509 1 0.998882719127 0.998910093281 0.999165398298 0.999273245811 0.99936176455 0.999408085295 0.999462573296 0.998898895756 1 0.998301827128 1 0.995659320504 1 0.994462419426 1 0.995662653182 1 0.998317148651 1 0.998902619122 0.999460109492 0.999403921588 0.999351904199 0.999258077273 0.999143188486 0.998869395106 0.999139739066 1 0.998588067428 0.998137651791 0.997440141443 1 0.999047355267 0.995487104737 1 0.993642773513 1 0.995603431991 0.999743127375 1 0.998422524457 0.998984141889 0.998792791263 1 0.999396663496 0.997516994953 1 0.998851552965 1 0.997827745222 0.999731333036 0.998912862549 0.999057880563 1 0.999456708257 0.999118160346 1 0.998748712524 0.999591158825 0.999748172158 0.514087818063 0.0306087060359 2.27595720048e-15 2.27595720048e-15 2.27595720048e-15 2.27595720048e-15 2.27595720048e-15 2.27595720048e-15 2.27595720048e-15 2.27595720048e-15 2.27595720048e-15 2.27595720048e-15 2.27595720048e-15 2.27595720048e-15 2.27595720048e-15 2.27595720048e-15 2.27595720048e-15
0 0 0 0 0 0 0 0 0 0 0 0 0 0 0 0.0350938230318 0.803226485126 0.997682531426 0.998553058999 0.997699058274 0.99867265927 0.99747073031 0.998327941531 0.997637201847 0.998567109929 0.997826401606 0.996842197318 1 0.996749446242 0.99823649085 0.997945166946 0.99606901053 1 0.996098276234 0.997832040569 0.998340059608 0.998232622865 0.997177958872 0.996516617374 1 0.994019974971 1 0.995063132883 1 0.994383572711 0.999355673424 0.999940508914 0.996208981694 0.996849015966 0.997651805802 1 0.997489432421 0.997516806574 0.997772111591 0.997879959104 0.997968477844 0.998014798588 0.99806928659 0.997505609049 0.998738799772 0.996908540422 1 0.994266033798 1 0.99306913272 1 0.994269366475 1 0.996923861945 0.99872652335 0.997509332415 0.998066822785 0.998010634881 0.997958617492 0.997864790567 0.997749901779 0.9974761084 0.997746452359 1 0.997194780721 0.996744365084 0.996046854737 1 0.997654068561 0.994093818031 1 0.992249486806 1 0.994210145284 0.998349840668 1 0.99702923775 0.997590855182 0.997399504557 0.998889576021 0.998003376789 0.996123708247 1 0.997458266258 1 0.996434458516 0.99833804633 0.997519575842 0.997664593857 0.998659372484 0.998063421551 0.99772487364 0.998701429649 0.997355425817 0.998197872119 0.998354885452 0.660863243474 0.0696787129561 0 0 0 0 0 0 0 0 0 0 0 0 0 0 0
0 0 0 0 0 0 0 0 0 0 0 0 0 0 0 0.14336146929 0.887400179167 1 1 1 1 1 1 1 1 1 1 1 1 1 1 1 1 1 1 1 1 1 1 1 0.999132112029 1 1 1 0.999495709769 1 1 1 1 1 1 1 1 1 1 1 1 1 1 1 1 1 0.999378170856 1 0.998181269778 1 0.999381503533 1 1 1 1 1 1 1 1 1 1 1 1 1 1 1 1 1 0.999205955089 1 0.997361623864 1 0.999322282342 1 1 1 1 1 1 1 1 1 1 1 1 1 1 1 1 1 1 1 1 1 1 0.780039271808 0.117795604298 2.77555756156e-15 2.77555756156e-15 2.77555756156e-15 2.77555756156e-15 2.77555756156e-15 2.77555756156e-15 2.77555756156e-15 2.77555756156e-15 2.77555756156e-15 2.77555756156e-15 2.77555756156e-15 2.77555756156e-15 2.77555756156e-15 2.77555756156e-15 2.77555756156e-15
0 0 0 0 0 0 0 0 0 0 0 0 0 0 0 0.256099233727 0.927859537478 0.99641450887 0.997285036443 0.996431035718 0.997404636713 0.996202707753 0.997059918974 0.996369179291 0.997299087373 0.996558379049 0.995574174761 0.999111318114 0.995481423686 0.996968468294 0.99667714439 0.994800987974 1 0.994830253678 0.996564018013 0.997072037051 0.996964600309 0.995909936315 0.995248594818 1 0.992751952415 0.999386093902 0.993795110326 1 0.993115550155 0.998087650868 0.998672486357 0.994940959137 0.99558099341 0.996383783246 1 0.996221409864 0.996248784018 0.996504089035 0.996611936548 0.996700455287 0.996746776032 0.996801264033 0.996237586493 0.997470777215 0.995640517865 0.999176444137 0.992998011241 1 0.991801110163 1 0.993001343919 0.999168008174 0.995655839388 0.997458500793 0.996241309859 0.996798800229 0.996742612325 0.996690594936 0.99659676801 0.996481879223 0.996208085843 0.996478429803 1 0.995926758165 0.995476342528 0.99477883218 1 0.996386046004 0.992825795474 1 0.99098146425 1 0.992942122727 0.997081818112 0.999046418831 0.995761215194 0.996322832626 0.996131482 0.997621553464 0.996735354233 0.99485568569 0.998829359329 0.996190243702 0.998830087802 0.995166435959 0.997070023773 0.996251553286 0.9963965713 0.997391349928 0.996795398994 0.996456851083 0.997433407093 0.996087403261 0.996929849562 0.997086862895 0.865520174574 0.168268704541 0 0 0 0 0 0 0 0 0 0 0 0 0 0 0
0 0 0 0 0 0 0 0 0 0 0 0 0 0 0 0.368428981647 0.964792072076 1 1 1 1 1 1 1 1 1 1 1 1 1 1 1 1 1 1 1 1 1 1 1 0.998831673937 1 0.999874831849 1 0.999195271678 1 1 1 1 1 1 1 1 1 1 1 1 1 1 1 1 1 0.999077732764 1 0.997880831686 1 0.999081065441 1 1 1 1 1 1 1 1 1 1 1 1 1 1 1 1 1 0.998905516997 1 0.997061185772 1 0.99902184425 1 1 1 1 1 1 1 1 1 1 1 1 1 1 1 1 1 1 1 1 1 1 0.940050402249 0.218103798827 3.33066907388e-16 3.33066907388e-16 3.33066907388e-16 3.33066907388e-16 3.33066907388e-16 3.33066907388e-16 3.33066907388e-16 3.33066907388e-16 3.33066907388e-16 3.33066907388e-16 3.33066907388e-16 3.33066907388e-16 3.33066907388e-16 3.33066907388e-16 3.33066907388e-16
0 0 0 0 0 0 0 0 0 0 0 0 0 0 0 0.466388039821 0.979494386852 0.998136108471 0.999006636045 0.998152635319 0.999126236315 0.997924307355 0.998781518576 0.998090778893 0.999020686974 0.998279978651 0.997295774363 1 0.997203023287 0.998690067895 0.998398743991 0.996522587575 1 0.996551853279 0.998285617615 0.998793636653 0.998686199911 0.997631535917 0.99697019442 1 0.994473552016 1 0.995516709928 1 0.994837149757 0.999809250469 1 0.996662558739 0.997302593012 0.998105382847 1 0.997943009466 0.997970383619 0.998225688637 0.99833353615 0.998422054889 0.998468375634 0.998522863635 0.997959186094 0.999192376817 0.997362117467 1 0.994719610843 1 0.993522709765 1 0.994722943521 1 0.99737743899 0.999180100395 0.997962909461 0.998520399831 0.998464211927 0.998412194538 0.998318367612 0.998203478825 0.997929685445 0.998200029404 1 0.997648357767 0.99719794213 0.996500431782 1 0.998107645606 0.994547395076 1 0.992703063851 1 0.994663722329 0.998803417714 1 0.997482814795 0.998044432228 0.997853081602 0.999343153066 0.998456953835 0.996577285292 1 0.997911843304 1 0.996888035561 0.998791623375 0.997973152887 0.998118170902 0.999112949529 0.998516998596 0.998178450685 0.999155006695 0.997809002863 0.998651449164 0.998808462497 0.98570079625 0.267454249198 0.000313913103856 0 0 0 0 0 0 0 0 0 0 0 0 0 0
0 0 0 0 0 0 0 0 0 0 0 0 0 0 0 0.555104342089 0.990757146756 0.998556254774 0.999426782347 0.998572781622 0.999546382617 0.998344453657 0.999201664879 0.998510925195 0.999440833277 0.998700124953 0.997715920665 1 0.99762316959 0.999110214198 0.998818890294 0.996942733878 1 0.996971999582 0.998705763917 0.999213782956 0.999106346213 0.99805168222 0.997390340722 1 0.994893698319 1 0.99593685623 1 0.995257296059 1 1 0.997082705041 0.997722739314 0.99852552915 1 0.998363155769 0.998390529922 0.998645834939 0.998753682452 0.998842201192 0.998888521936 0.998943009937 0.998379332397 0.999612523119 0.997782263769 1 0.995139757145 1 0.993942856068 1 0.995143089823 1 0.997797585292 0.999600246698 0.998383055763 0.998940546133 0.998884358229 0.99883234084 0.998738513915 0.998623625127 0.998349831748 0.998620175707 1 0.998068504069 0.997618088432 0.996920578084 1 0.998527791908 0.994967541378 1 0.993123210154 1 0.995083868632 0.999223564016 1 0.997902961098 0.99846457853 0.998273227904 0.999763299368 0.998877100137 0.996997431595 1 0.998331989606 1 0.997308181864 0.999211769677 0.99839329919 0.998538317205 0.999533095832 0.998937144898 0.998598596987 0.999575152997 0.998229149165 0.999071595466 0.9992286088 0.998644813126 0.332142270701 0.00273375564781 1.09634523682e-15 1.09634523682e-15 1.09634523682e-15 1.09634523682e-15 1.09634523682e-15 1.09634523682e-15 1.09634523682e-15 1.09634523682e-15 1.09634523682e-15 1.09634523682e-15 1.09634523682e-15 1.09634523682e-15 1.09634523682e-15 1.09634523682e-15
0 0 0 0 0 0 0 0 0 0 0 0 0 0 0 0.633824183401 1 1 1 1 1 1 1 1 1 1 1 1 1 1 1 1 1 1 1 1 1 1 1 1 0.999219836447 1 1 1 0.999583434187 1 1 1 1 1 1 1 1 1 1 1 1 1 1 1 1 1 0.999465895273 1 0.998268994195 1 0.999469227951 1 1 1 1 1 1 1 1 1 1 1 1 1 1 1 1 1 0.999293679506 1 0.997449348282 1 0.999410006759 1 1 1 1 1 1 1 1 1 1 1 1 1 1 1 1 1 1 1 1 1 1 1 0.390249482719 0.00643486336552 0 0 0 0 0 0 0 0 0 0 0 0 0 0
0 0 0 0 0 0 0 0 0 0 0 0 0 0 0 0.687189807443 0.996015907994 0.996253845403 0.997124372976 0.996270372251 0.997243973246 0.996042044286 0.996899255508 0.996208515824 0.997138423906 0.996397715582 0.995413511294 0.998950654647 0.995320760219 0.996807804827 0.996516480923 0.994640324507 1 0.994669590211 0.996403354546 0.996911373585 0.996803936842 0.995749272849 0.995087931351 1 0.992591288948 0.999225430435 0.993634446859 1 0.992954886688 0.997926987401 0.998511822891 0.994780295671 0.995420329943 0.996223119779 0.999957588345 0.996060746398 0.996088120551 0.996343425568 0.996451273081 0.996539791821 0.996586112565 0.996640600567 0.996076923026 0.997310113749 0.995479854398 0.99901578067 0.992837347774 1 0.991640446697 1 0.992840680452 0.999007344707 0.995495175922 0.997297837327 0.996080646392 0.996638136762 0.996581948858 0.996529931469 0.996436104544 0.996321215756 0.996047422377 0.996317766336 1 0.995766094698 0.995315679061 0.994618168713 1 0.996225382537 0.992665132007 1 0.990820800783 1 0.992781459261 0.996921154645 0.998885755365 0.995600551727 0.996162169159 0.995970818534 0.997460889998 0.996574690766 0.994695022224 0.998668695863 0.996029580235 0.998669424336 0.995005772493 0.996909360307 0.996090889819 0.996235907834 0.997230686461 0.996634735528 0.996296187616 0.997272743626 0.995926739794 0.996769186095 0.996926199429 0.996342403755 0.428924357353 0.00980174294482 4.16333634234e-17 4.16333634234e-17 4.16333634234e-17 4.16333634234e-17 4.16333634234e-17 4.16333634234e-17 4.16333634234e-17 4.16333634234e-17 4.16333634234e-17 4.16333634234e-17 4.16333634234e-17 4.16333634234e-17 4.16333634234e-17 4.16333634234e-17
0 0 0 0 0 0 0 0 0 0 0 0 0 0 2.82438646276e-05 0.735772188182 1 1 1 1 1 1 1 1 1 1 1 1 1 1 1 0.999340376889 1 0.999369642593 1 1 1 1 0.999787983733 1 0.99729134133 1 0.998334499242 1 0.99765493907 1 1 0.999480348053 1 1 1 1 1 1 1 1 1 1 1 1 1 1 0.997537400156 1 0.996340499079 1 0.997540732834 1 1 1 1 1 1 1 1 1 1 1 1 1 1 0.999318221095 1 1 0.99736518439 1 0.995520853165 1 0.997481511643 1 1 1 1 1 1 1 0.999395074606 1 1 1 0.999705824875 1 1 1 1 1 1 1 1 1 1 1 0.454381824149 0.0122262973394 9.02056207508e-16 9.02056207508e-16 9.02056207508e-16 9.02056207508e-16 9.02056207508e-16 9.02056207508e-16 9.02056207508e-16 9.02056207508e-16 9.02056207508e-16 9.02056207508e-16 9.02056207508e-16 9.02056207508e-16 9.02056207508e-16 9.02056207508e-16
0 0 0 0 0 0 0 0 0 0 0 0 0 0 0.00418218831905 0.759547824074 1 1 1 1 1 1 1 1 1 1 1 1 1 1 1 0.999700837841 1 0.999730103545 1 1 1 1 1 1 0.997651802282 1 0.998694960193 1 0.998015400022 1 1 0.999840809004 1 1 1 1 1 1 1 1 1 1 1 1 1 1 0.997897861108 1 0.99670096003 1 0.997901193786 1 1 1 1 1 1 1 1 1 1 1 1 1 1 0.999678682047 1 1 0.997725645341 1 0.995881314117 1 0.997841972595 1 1 1 1 1 1 1 0.999755535558 1 1 1 1 1 1 1 1 1 1 1 1 1 1 1 0.464142046469 0.0129740442696 0 0 0 0 0 0 0 0 0 0 0 0 0 0
0 0 0 0 0 0 0 0 0 0 0 0 0 0 0.0109618682257 0.759246137486 0.99741009852 0.997041613002 0.997912140576 0.99705813985 0.998031740846 0.996829811886 0.997687023107 0.996996283424 0.997926191505 0.997185483182 0.996201278894 0.999738422247 0.996108527818 0.997595572426 0.997304248522 0.995428092106 1 0.99545735781 0.997191122145 0.997699141184 0.997591704442 0.996537040448 0.995875698951 1 0.993379056547 1 0.994422214459 1 0.993742654288 0.998714755 0.99929959049 0.99556806327 0.996208097543 0.997010887378 1 0.996848513997 0.99687588815 0.997131193168 0.997239040681 0.99732755942 0.997373880165 0.997428368166 0.996864690625 0.998097881348 0.996267621998 0.99980354827 0.993625115374 1 0.992428214296 1 0.993628448052 0.999795112307 0.996282943521 0.998085604926 0.996868413992 0.997425904362 0.997369716458 0.997317699069 0.997223872143 0.997108983355 0.996835189976 0.997105533935 1 0.996553862298 0.996103446661 0.995405936313 1 0.997013150137 0.993452899607 1 0.991608568382 1 0.99356922686 0.997708922245 0.999673522964 0.996388319326 0.996949936759 0.996758586133 0.998248657597 0.997362458366 0.995482789823 0.999456463462 0.996817347834 0.999457191935 0.995793540092 0.997697127906 0.996878657418 0.997023675433 0.99801845406 0.997422503127 0.997083955216 0.998060511226 0.996714507394 0.997556953695 0.997713967028 0.997130171354 0.458800864986 0.0119089438717 4.16333634234e-16 4.16333634234e-16 4.16333634234e-16 4.16333634234e-16 4.16333634234e-16 4.16333634234e-16 4.16333634234e-16 4.16333634234e-16 4.16333634234e-16 4.16333634234e-16 4.16333634234e-16 4.16333634234e-16 4.16333634234e-16 4.16333634234e-16
0 0 0 0 0 0 0 0 0 0 0 0 0 0 0.0107023734384 0.757105631483 0.999583076251 0.999214590733 1 0.999231117581 1 0.999002789616 0.999860000838 0.999169261154 1 0.999358460912 0.998374256624 1 0.998281505549 0.999768550157 0.999477226253 0.997601069837 1 0.997630335541 0.999364099876 0.999872118914 0.999764682172 0.998710018178 0.998048676681 1 0.995552034278 1 0.996595192189 1 0.995915632018 1 1 0.997741041 0.998381075273 0.999183865109 1 0.999021491728 0.999048865881 0.999304170898 0.999412018411 0.999500537151 0.999546857895 0.999601345896 0.999037668356 1 0.998440599728 1 0.995798093104 1 0.994601192026 1 0.995801425782 1 0.998455921251 1 0.999041391722 0.999598882092 0.999542694188 0.999490676799 0.999396849873 0.999281961086 0.999008167707 0.999278511666 1 0.998726840028 0.998276424391 0.997578914043 1 0.999186127867 0.995625877337 1 0.993781546113 1 0.995742204591 0.999881899975 1 0.998561297057 0.999122914489 0.998931563863 1 0.999535436096 0.997655767554 1 0.998990325565 1 0.997966517822 0.999870105636 0.999051635149 0.999196653163 1 0.999595480857 0.999256932946 1 0.998887485124 0.999729931425 0.999886944759 0.999303149084 0.441633632751 0.00944042222386 4.16333634234e-17 4.16333634234e-17 4.16333634234e-17 4.16333634234e-17 4.16333634234e-17 4.16333634234e-17 4.16333634234e-17 4.16333634234e-17 4.16333634234e-17 4.16333634234e-17 4.16333634234e-17 4.16333634234e-17 4.16333634234e-17 4.16333634234e-17
0 0 0 0 0 0 0 0 0 0 0 0 0 0 0.00351269812666 0.74885430217 1 1 1 1 1 1 1 1 1 1 1 1 1 1 1 1 1 1 1 1 1 1 1 1 0.999666064105 1 1 1 1 1 1 1 1 1 1 1 1 1 1 1 1 1 1 1 1 1 0.999912122931 1 0.998715221854 1 0.999915455609 1 1 1 1 1 1 1 1 1 1 1 1 1 1 1 1 1 0.999739907164 1 0.99789557594 1 0.999856234418 1 1 1 1 1 1 1 1 1 1 1 1 1 1 1 1 1 1 1 1 1 1 1 0.411147995578 0.00616661461303 1.38777878078e-16 1.38777878078e-16 1.38777878078e-16 1.38777878078e-16 1.38777878078e-16 1.38777878078e-16 1.38777878078e-16 1.38777878078e-16 1.38777878078e-16 1.38777878078e-16 1.38777878078e-16 1.38777878078e-16 1.38777878078e-16 1.38777878078e-16
0 0 0 0 0 0 0 0 0 0 0 0 0 0 5.13846265369e-05 0.712148778383 0.997245754305 0.997451607053 0.998322134626 0.997468133901 0.998441734896 0.997239805936 0.998097017158 0.997406277474 0.998336185556 0.997595477232 0.996611272944 1 0.996518521869 0.998005566477 0.997714242573 0.995838086157 1 0.995867351861 0.997601116196 0.998109135234 0.998001698492 0.996947034498 0.996285693001 1 0.993789050598 1 0.994832208509 1 0.994152648338 0.999124749051 0.999709584541 0.99597805732 0.996618091593 0.997420881429 1 0.997258508048 0.997285882201 0.997541187218 0.997649034731 0.997737553471 0.997783874215 0.997838362216 0.997274684676 0.998507875398 0.996677616048 1 0.994035109424 1 0.992838208346 1 0.994038442102 1 0.996692937571 0.998495598976 0.997278408042 0.997835898412 0.997779710508 0.997727693119 0.997633866193 0.997518977406 0.997245184027 0.997515527986 1 0.996963856348 0.996513440711 0.995815930363 1 0.997423144187 0.993862893657 1 0.992018562433 1 0.993979220911 0.998118916295 1 0.996798313377 0.997359930809 0.997168580183 0.998658651647 0.997772452416 0.995892783874 0.999866457512 0.997227341885 0.999867185986 0.996203534142 0.998107121956 0.997288651469 0.997433669483 0.998428448111 0.997832497177 0.997493949266 0.998470505276 0.997124501444 0.997966947745 0.998123961079 0.997540165404 0.364808324723 0.0027854968454 0 0 0 0 0 0 0 0 0 0 0 0 0 0
0 0 0 0 0 0 0 0 0 0 0 0 0 0 0 0.66463923098 0.995304506085 0.997527809568 0.998398337141 0.997544336416 0.998517937411 0.997316008451 0.998173219672 0.997482479989 0.998412388071 0.997671679747 0.996687475459 1 0.996594724384 0.998081768992 0.997790445088 0.995914288672 1 0.995943554376 0.997677318711 0.998185337749 0.998077901007 0.997023237013 0.996361895516 1 0.993865253113 1 0.994908411024 1 0.994228850853 0.999200951566 0.999785787056 0.996054259835 0.996694294108 0.997497083944 1 0.997334710563 0.997362084716 0.997617389733 0.997725237246 0.997813755986 0.99786007673 0.997914564731 0.997350887191 0.998584077913 0.996753818563 1 0.994111311939 1 0.992914410861 1 0.994114644617 1 0.996769140086 0.998571801491 0.997354610557 0.997912100927 0.997855913023 0.997803895634 0.997710068708 0.997595179921 0.997321386542 0.997591730501 1 0.997040058863 0.996589643226 0.995892132878 1 0.997499346702 0.993939096172 1 0.992094764948 1 0.994055423426 0.99819511881 1 0.996874515892 0.997436133324 0.997244782698 0.998734854162 0.997848654931 0.995968986389 0.999942660027 0.9973035444 0.999943388501 0.996279736657 0.998183324471 0.997364853984 0.997509871998 0.998504650626 0.997908699692 0.997570151781 0.998546707791 0.997200703959 0.99804315026 0.998200163593 0.997616367919 0.304515691214 0.000449166357906 1.31838984174e-15 1.31838984174e-15 1.31838984174e-15 1.31838984174e-15 1.31838984174e-15 1.31838984174e-15 1.31838984174e-15 1.31838984174e-15 1.31838984174e-15 1.31838984174e-15 1.31838984174e-15 1.31838984174e-15 1.31838984174e-15 1.31838984174e-15
0 0 0 0 0 0 0 0 0 0 0 0 0 0 0 0.609151489429 0.995814187135 1 1 1 1 1 1 1 1 1 1 1 1 1 1 1 1 1 1 1 1 1 1 1 0.999042742688 1 1 1 0.999406340429 1 1 1 1 1 1 1 1 1 1 1 1 1 1 1 1 1 0.999288801515 1 0.998091900437 1 0.999292134192 1 1 1 1 1 1 1 1 1 1 1 1 1 1 1 1 1 0.999116585748 1 0.997272254523 1 0.999232913001 1 1 1 1 1 1 1 1 1 1 1 1 1 1 1 1 1 1 1 1 1 1 0.995390797979 0.235382594805 0 0 0 0 0 0 0 0 0 0 0 0 0 0 0
0 0 0 0 0 0 0 0 0 0 0 0 0 0 0 0.534873673439 0.984130410579 0.999946816977 1 0.999963343825 1 0.99973501586 1 0.999901487398 1 1 0.999106482868 1 0.999013731793 1 1 0.998333296081 1 0.998362561785 1 1 1 0.999442244422 0.998780902925 1 0.996284260522 1 0.997327418433 1 0.996647858262 1 1 0.998473267244 0.999113301517 0.999916091353 1 0.999753717971 0.999781092125 1 1 1 1 1 0.9997698946 1 0.999172825972 1 0.996530319348 1 0.99533341827 1 0.996533652026 1 0.999188147495 1 0.999773617966 1 1 1 1 1 0.999740393951 1 1 0.999459066272 0.999008650635 0.998311140287 1 0.999918354111 0.996358103581 1 0.994513772357 1 0.996474430835 1 1 0.999293523301 0.999855140733 0.999663790107 1 1 0.998387993798 1 0.999722551809 1 0.998698744066 1 0.999783861393 0.999928879407 1 1 0.99998915919 1 0.999619711368 1 1 0.949908435975 0.185777994622 0 5.55111512313e-17 5.55111512313e-17 5.55111512313e-17 5.55111512313e-17 5.55111512313e-17 5.55111512313e-17 5.55111512313e-17 5.55111512313e-17 5.55111512313e-17 5.55111512313e-17 5.55111512313e-17 5.55111512313e-17 5.55111512313e-17 5.55111512313e-17
0 0 0 0 0 0 0 0 0 0 0 0 0 0 0 0.451983490455 0.966325611076 0.99747879577 0.998349323343 0.997495322618 0.998468923613 0.997266994653 0.998124205875 0.997433466191 0.998363374273 0.997622665949 0.996638461661 1 0.996545710586 0.998032755194 0.99774143129 0.995865274874 1 0.995894540578 0.997628304913 0.998136323952 0.998028887209 0.996974223216 0.996312881718 1 0.993816239315 1 0.994859397226 1 0.994179837055 0.999151937768 0.999736773258 0.996005246037 0.99664528031 0.997448070146 1 0.997285696765 0.997313070918 0.997568375935 0.997676223448 0.997764742188 0.997811062932 0.997865550933 0.997301873393 0.998535064115 0.996704804765 1 0.994062298141 1 0.992865397063 1 0.994065630819 1 0.996720126288 0.998522787693 0.997305596759 0.997863087129 0.997806899225 0.997754881836 0.99766105491 0.997546166123 0.997272372744 0.997542716703 1 0.996991045065 0.996540629428 0.99584311908 1 0.997450332904 0.993890082374 1 0.99204575115 1 0.994006409628 0.998146105012 1 0.996825502094 0.997387119526 0.9971957689 0.998685840364 0.997799641133 0.995919972591 0.999893646229 0.997254530602 0.999894374703 0.996230722859 0.998134310673 0.997315840186 0.9974608582 0.998455636828 0.997859685894 0.997521137983 0.998497693993 0.997151690161 0.997994136462 0.998151149796 0.885522454446 0.141045950494 0 1.11022302463e-16 1.11022302463e-16 1.11022302463e-16 1.11022302463e-16 1.11022302463e-16 1.11022302463e-16 1.11022302463e-16 1.11022302463e-16 1.11022302463e-16 1.11022302463e-16 1.11022302463e-16 1.11022302463e-16 1.11022302463e-16 1.11022302463e-16
0 0 0 0 0 0 0 0 0 0 0 0 0 0 0 0.364593515521 0.943134435736 0.998558395224 0.999428922798 0.998574922072 0.999548523068 0.998346594108 0.999203805329 0.998513065646 0.999442973728 0.998702265404 0.997718061116 1 0.99762531004 0.999112354648 0.998821030744 0.996944874328 1 0.996974140033 0.998707904368 0.999215923406 0.999108486664 0.99805382267 0.997392481173 1 0.99489583877 1 0.995938996681 1 0.99525943651 1 1 0.997084845492 0.997724879765 0.998527669601 1 0.998365296219 0.998392670373 0.99864797539 0.998755822903 0.998844341642 0.998890662387 0.998945150388 0.998381472848 0.99961466357 0.99778440422 1 0.995141897596 1 0.993944996518 1 0.995145230274 1 0.997799725743 0.999602387148 0.998385196214 0.998942686584 0.99888649868 0.998834481291 0.998740654365 0.998625765578 0.998351972198 0.998622316158 1 0.99807064452 0.997620228883 0.996922718535 1 0.998529932359 0.994969681829 1 0.993125350605 1 0.995086009082 0.999225704467 1 0.997905101549 0.998466718981 0.998275368355 0.999765439819 0.998879240588 0.996999572045 1 0.998334130057 1 0.997310322314 0.999213910128 0.99839543964 0.998540457655 0.999535236282 0.998939285349 0.998600737438 0.999577293448 0.998231289616 0.999073735917 0.99923074925 0.807623583449 0.0975811768563 0 0 0 0 0 0 0 0 0 0 0 0 0 0 0
0 0 0 0 0 0 0 0 0 0 0 0 0 0 0 0.273114393686 0.912384903627 1 1 1 1 1 1 1 1 1 1 1 1 1 1 1 1 1 1 1 1 1 1 1 1 1 1 1 1 1 1 1 1 1 1 1 1 1 1 1 1 1 1 1 1 1 1 1 0.999447714236 1 1 1 1 1 1 1 1 1 1 1 1 1 1 1 1 1 1 1 1 1 0.998628068323 1 1 1 1 1 1 1 1 1 1 1 1 1 1 1 1 1 1 1 1 1 1 1 1 0.710666718917 0.0581533107567 0 6.66133814775e-16 6.66133814775e-16 6.66133814775e-16 6.66133814775e-16 6.66133814775e-16 6.66133814775e-16 6.66133814775e-16 6.66133814775e-16 6.66133814775e-16 6.66133814775e-16 6.66133814775e-16 6.66133814775e-16 6.66133814775e-16 6.66133814775e-16
0 0 0 0 0 0 0 0 0 0 0 0 0 0 0 0.174427994918 0.853877363593 0.997087198296 0.99795772587 0.997103725144 0.99807732614 0.99687539718 0.997732608401 0.997041868718 0.9979717768 0.997231068476 0.996246864188 0.999784007541 0.996154113112 0.99764115772 0.997349833816 0.9954736774 1 0.995502943105 0.99723670744 0.997744726478 0.997637289736 0.996582625742 0.995921284245 1 0.993424641842 1 0.994467799753 1 0.993788239582 0.998760340294 0.999345175784 0.995613648564 0.996253682837 0.997056472673 1 0.996894099291 0.996921473445 0.997176778462 0.997284625975 0.997373144714 0.997419465459 0.99747395346 0.99691027592 0.998143466642 0.996313207292 0.999849133564 0.993670700668 1 0.99247379959 1 0.993674033346 0.999840697601 0.996328528815 0.99813119022 0.996913999286 0.997471489656 0.997415301752 0.997363284363 0.997269457437 0.99715456865 0.99688077527 0.99715111923 1 0.996599447592 0.996149031955 0.995451521607 1 0.997058735431 0.993498484901 1 0.991654153677 1 0.993614812154 0.997754507539 0.999719108258 0.996433904621 0.996995522053 0.996804171427 0.998294242891 0.99740804366 0.995528375117 0.999502048756 0.996862933129 0.999502777229 0.995839125386 0.9977427132 0.996924242712 0.997069260727 0.998064039354 0.997468088421 0.99712954051 0.99810609652 0.996760092688 0.997602538989 0.997759552322 0.583359507757 0.0263777851985 0 6.93889390391e-16 6.93889390391e-16 6.93889390391e-16 6.93889390391e-16 6.93889390391e-16 6.93889390391e-16 6.93889390391e-16 6.93889390391e-16 6.93889390391e-16 6.93889390391e-16 6.93889390391e-16 6.93889390391e-16 6.93889390391e-16 6.93889390391e-16
0 0 0 0 0 0 0 0 0 0 0 0 0 0 0 0.0819759729392 0.782005876506 0.996790294048 0.997660821621 0.996806820896 0.997780421891 0.996578492931 0.997435704152 0.996744964469 0.997674872551 0.996934164227 0.995949959939 0.999487103292 0.995857208864 0.997344253472 0.997052929568 0.995176773152 1 0.995206038856 0.996939803191 0.997447822229 0.997340385487 0.996285721493 0.995624379996 1 0.993127737593 0.99976187908 0.994170895504 1 0.993491335333 0.998463436046 0.999048271536 0.995316744315 0.995956778588 0.996759568424 1 0.996597195043 0.996624569196 0.996879874213 0.996987721726 0.997076240466 0.99712256121 0.997177049211 0.996613371671 0.997846562393 0.996016303043 0.999552229315 0.993373796419 1 0.992176895341 1 0.993377129097 0.999543793352 0.996031624566 0.997834285971 0.996617095037 0.997174585407 0.997118397503 0.997066380114 0.996972553188 0.996857664401 0.996583871022 0.996854214981 1 0.996302543343 0.995852127706 0.995154617358 1 0.996761831182 0.993201580652 1 0.991357249428 1 0.993317907906 0.99745760329 0.999422204009 0.996137000372 0.996698617804 0.996507267178 0.997997338642 0.997111139411 0.995231470869 0.999205144507 0.99656602888 0.999205872981 0.995542221137 0.997445808951 0.996627338464 0.996772356478 0.997767135106 0.997171184172 0.996832636261 0.997809192271 0.996463188439 0.99730563474 0.997462648073 0.432403445733 0.00590938286637 0 2.78943534937e-15 2.78943534937e-15 2.78943534937e-15 2.78943534937e-15 2.78943534937e-15 2.78943534937e-15 2.78943534937e-15 2.78943534937e-15 2.78943534937e-15 2.78943534937e-15 2.78943534937e-15 2.78943534937e-15 2.78943534937e-15 2.78943534937e-15
0 0 0 0 0 0 0 0 0 0 0 0 0 0 0 0.0114148992918 0.68083187224 1 1 1 1 1 1 1 1 1 1 1 1 1 1 1 1 1 1 1 1 1 1 1 1 1 1 1 1 1 1 1 1 1 1 1 1 1 1 1 1 1 1 1 1 1 1 1 1 1 1 1 1 1 1 1 1 1 1 1 1 1 1 1 1 1 1 1 1 1 1 1 1 1 1 1 1 1 1 1 1 1 1 1 1 1 1 1 1 1 1 1 1 1 0.997457893462 0.256049388339 0.000124532947848 0 0 0 0 0 0 0 0 0 0 0 0 0 0 0
0 0 0 0 0 0 0 0 0 0 0 0 0 0 0 0 0.503732721324 0.96923040344 0.997202940473 0.996348939748 0.997322540743 0.996120611783 0.996977823004 0.996287083321 0.997216991403 0.996476283079 0.995492078791 0.999029222144 0.995399327716 0.996886372324 0.99659504842 0.994718892004 1 0.994748157708 0.996481922043 0.996989941081 0.996882504339 0.995827840345 0.995166498848 1 0.992669856445 0.999303997932 0.993713014356 1 0.993033454185 0.998005554898 0.998590390388 0.994858863167 0.99549889744 0.996301687276 1 0.996139313894 0.996166688048 0.996421993065 0.996529840578 0.996618359317 0.996664680062 0.996719168063 0.996155490523 0.997388681245 0.995558421895 0.999094348167 0.992915915271 1 0.991719014193 1 0.992919247949 0.999085912204 0.995573743418 0.997376404823 0.996159213889 0.996716704259 0.996660516355 0.996608498966 0.99651467204 0.996399783253 0.996125989873 0.996396333833 1 0.995844662195 0.995394246558 0.99469673621 1 0.996303950034 0.992743699504 1 0.99089936828 1 0.992860026758 0.996999722142 0.998964322861 0.995679119224 0.996240736656 0.99604938603 0.997539457494 0.996653258263 0.99477358972 0.998747263359 0.996108147732 0.998747991832 0.995084339989 0.996987927803 0.996169457316 0.99631447533 0.997309253958 0.996713303024 0.996374755113 0.997351311123 0.996005307291 0.996847753592 0.899780134935 0.135964031669 9.57446573801e-05 0 0 0 0 0 0 0 0 0 0 0 0 0 0 0
0 0 0 0 0 0 0 0 0 0 0 0 0 0 0 0 0.333264481168 0.921611072661 0.999610650321 0.998756649595 0.999730250591 0.998528321631 0.999385532852 0.998694793169 0.99962470125 0.998883992927 0.997899788639 1 0.997807037563 0.999294082171 0.999002758267 0.997126601851 1 0.997155867555 0.99888963189 0.999397650929 0.999290214187 0.998235550193 0.997574208696 1 0.995077566292 1 0.996120724204 1 0.995441164033 1 1 0.997266573015 0.997906607288 0.998709397123 1 0.998547023742 0.998574397895 0.998829702913 0.998937550426 0.999026069165 0.99907238991 0.999126877911 0.99856320037 0.999796391093 0.997966131743 1 0.995323625119 1 0.994126724041 1 0.995326957797 1 0.997981453266 0.999784114671 0.998566923737 0.999124414107 0.999068226203 0.999016208814 0.998922381888 0.9988074931 0.998533699721 0.99880404368 1 0.998252372042 0.997801956406 0.997104446058 1 0.998711659882 0.995151409352 1 0.993307078127 1 0.995267736605 0.99940743199 1 0.998086829071 0.998648446504 0.998457095878 0.999947167342 0.999060968111 0.997181299568 1 0.998515857579 1 0.997492049837 0.999395637651 0.998577167163 0.998722185178 0.999716963805 0.999121012872 0.998782464961 0.999759020971 0.998413017139 0.99925546344 0.746594467088 0.0638039814031 9.57446573829e-05 0 4.4408920985e-16 4.4408920985e-16 4.4408920985e-16 4.4408920985e-16 4.4408920985e-16 4.4408920985e-16 4.4408920985e-16 4.4408920985e-16 4.4408920985e-16 4.4408920985e-16 4.4408920985e-16 4.4408920985e-16 4.4408920985e-16 4.4408920985e-16
0 0 0 0 0 0 0 0 0 0 0 0 0 0 0 0 0.174686228683 0.83993658499 1 1 1 1 1 1 1 1 1 1 1 1 1 1 1 1 1 1 1 1 1 1 0.99906345013 1 1 1 0.99942704787 1 1 1 1 1 1 1 1 1 1 1 1 1 1 1 1 1 0.999309508956 1 0.998112607879 1 0.999312841634 1 1 1 1 1 1 1 1 1 1 1 1 1 1 1 1 1 0.99913729319 1 0.997292961965 1 0.999253620443 1 1 1 1 1 1 1 1 1 1 1 1 1 1 1 1 1 1 1 1 1 0.545937748437 0.0162179514395 9.57446573843e-05 0 1.91513471748e-15 1.91513471748e-15 1.91513471748e-15 1.91513471748e-15 1.91513471748e-15 1.91513471748e-15 1.91513471748e-15 1.91513471748e-15 1.91513471748e-15 1.91513471748e-15 1.91513471748e-15 1.91513471748e-15 1.91513471748e-15 1.91513471748e-15
0 0 0 0 0 0 0 0 0 0 0 0 0 0 0 0 0.0423416118237 0.701994594964 0.992735415103 0.99477223497 0.995745835966 0.994543907006 0.995401118227 0.994710378543 0.995640286625 0.994899578302 0.993915374014 0.997452517367 0.993822622938 0.995309667546 0.995018343642 0.993142187226 0.999088191251 0.99317145293 0.994905217265 0.995413236304 0.995305799561 0.994251135568 0.99358979407 0.999838780151 0.991093151667 0.997727293154 0.992136309579 0.999031494663 0.991456749408 0.99642885012 0.99701368561 0.99328215839 0.993922192662 0.994724982498 0.998459451064 0.994562609117 0.99458998327 0.994845288288 0.9949531358 0.99504165454 0.995087975284 0.995142463286 0.994578785745 0.995811976468 0.993981717118 0.99751764339 0.991339210494 0.999986704894 0.990142309416 0.999985832549 0.991342543171 0.997509207427 0.993997038641 0.995799700046 0.994582509111 0.995139999481 0.995083811577 0.995031794189 0.994937967263 0.994823078475 0.994549285096 0.994819629055 0.998601597277 0.994267957417 0.99381754178 0.993120031433 0.998508097135 0.994727245257 0.991166994727 1 0.989322663502 1 0.99128332198 0.995423017364 0.997387618084 0.994102414446 0.994664031878 0.994472681253 0.995962752717 0.995076553485 0.993196884943 0.997170558582 0.994531442954 0.997171287055 0.993507635212 0.995411223026 0.994592752538 0.994737770553 0.99573254918 0.995136598247 0.994798050336 0.995774606345 0.994428602513 0.989057890384 0.299301583059 0.000109311145563 9.57446573849e-05 0 2.50494069931e-15 2.50494069931e-15 2.50494069931e-15 2.50494069931e-15 2.50494069931e-15 2.50494069931e-15 2.50494069931e-15 2.50494069931e-15 2.50494069931e-15 2.50494069931e-15 2.50494069931e-15 2.50494069931e-15 2.50494069931e-15 2.50494069931e-15
0 0 0 0 0 0 0 0 0 0 0 0 0 0 0 0 0.000493378512577 0.495912794273 0.970531910055 1 1 1 1 1 1 1 1 1 1 1 1 1 1 1 1 1 1 1 1 1 1 1 1 1 1 1 1 1 1 1 1 1 1 1 1 1 1 1 1 1 1 1 1 1 1 1 1 1 1 1 1 1 1 1 1 1 1 1 1 1 1 1 1 1 1 1 1 1 1 1 1 1 1 1 1 1 1 1 1 1 1 1 1 1 1 1 1 1 1 0.887746788335 0.118030576933 0 9.57446573765e-05 0 0 0 0 0 0 0 0 0 0 0 0 0 0 0
0 0 0 0 0 0 0 0 0 0 0 0 0 0 0 0 2.57862384199e-05 0.261013741917 0.875183526728 0.993956579167 0.994930180162 0.993728251202 0.994585462424 0.99389472274 0.994824630822 0.994083922498 0.99309971821 0.996636861563 0.993006967135 0.994494011743 0.994202687839 0.992326531423 0.998272535448 0.992355797127 0.994089561462 0.994597580501 0.994490143758 0.993435479765 0.992774138267 0.999023124348 0.990277495864 0.996911637351 0.991320653775 0.99821583886 0.990641093604 0.995613194317 0.996198029807 0.992466502587 0.993106536859 0.993909326695 0.997643795261 0.993746953314 0.993774327467 0.994029632484 0.994137479997 0.994225998737 0.994272319481 0.994326807483 0.993763129942 0.994996320665 0.993166061314 0.996701987586 0.99052355469 0.99917104909 0.989326653613 0.999170176746 0.990526887368 0.996693551623 0.993181382837 0.994984044243 0.993766853308 0.994324343678 0.994268155774 0.994216138385 0.99412231146 0.994007422672 0.993733629293 0.994003973252 0.997785941473 0.993452301614 0.993001885977 0.992304375629 0.997692441331 0.993911589453 0.990351338923 1 0.988507007699 0.999713109729 0.990467666177 0.994607361561 0.996571962281 0.993286758643 0.993848376075 0.99365702545 0.995147096914 0.994260897682 0.99238122914 0.996354902778 0.993715787151 0.996355631252 0.992691979409 0.994595567223 0.993777096735 0.99392211475 0.994916893377 0.994320942443 0.993982394532 0.994958950542 0.99361294671 0.650176232991 0.0345408593961 0 9.57446573865e-05 0 4.10782519111e-15 4.10782519111e-15 4.10782519111e-15 4.10782519111e-15 4.10782519111e-15 4.10782519111e-15 4.10782519111e-15 4.10782519111e-15 4.10782519111e-15 4.10782519111e-15 4.10782519111e-15 4.10782519111e-15 4.10782519111e-15 4.10782519111e-15
0 0 0 0 0 0 0 0 0 0 0 0 0 0 0 0 2.57862384199e-05 0.0788345832172 0.733752767888 1 1 1 1 1 1 1 1 1 1 1 1 1 1 1 1 1 1 1 1 1 1 1 1 1 1 1 1 1 1 1 1 1 1 1 1 1 1 1 1 1 1 1 1 1 1 1 1 1 1 1 1 1 1 1 1 1 1 1 1 1 1 1 1 1 1 1 0.999348273211 1 1 1 1 1 1 1 1 1 1 1 1 1 1 1 1 1 1 1 1 1 0.999748702666 0.350626973885 0.00188660364349 0 9.57446573835e-05 0 1.04083408559e-15 1.04083408559e-15 1.04083408559e-15 1.04083408559e-15 1.04083408559e-15 1.04083408559e-15 1.04083408559e-15 1.04083408559e-15 1.04083408559e-15 1.04083408559e-15 1.04083408559e-15 1.04083408559e-15 1.04083408559e-15 1.04083408559e-15
0 0 0 0 0 0 0 0 0 0 0 0 0 0 0 0 2.57862384199e-05 0.00147535453106 0.480267442085 0.952809864922 0.997501890949 0.996299961989 0.99715717321 0.996466433527 0.997396341608 0.996655633285 0.995671428997 0.99920857235 0.995578677921 0.997065722529 0.996774398625 0.994898242209 1 0.994927507913 0.996661272248 0.997169291287 0.997061854544 0.996007190551 0.995345849054 1 0.99284920665 0.999483348137 0.993892364562 1 0.993212804391 0.998184905103 0.998769740593 0.995038213373 0.995678247646 0.996481037481 1 0.9963186641 0.996346038253 0.996601343271 0.996709190784 0.996797709523 0.996844030268 0.996898518269 0.996334840728 0.997568031451 0.995737772101 0.999273698373 0.993095265477 1 0.991898364399 1 0.993098598155 0.99926526241 0.995753093624 0.997555755029 0.996338564094 0.996896054465 0.996839866561 0.996787849172 0.996694022246 0.996579133458 0.996305340079 0.996575684038 1 0.9960240124 0.995573596764 0.994876086416 1 0.99648330024 0.99292304971 1 0.991078718485 1 0.993039376963 0.997179072348 0.999143673067 0.995858469429 0.996420086862 0.996228736236 0.9977188077 0.996832608469 0.994952939926 0.998926613565 0.996287497937 0.998927342038 0.995263690195 0.997167278009 0.996348807521 0.996493825536 0.997488604163 0.99689265323 0.996554105319 0.997530661329 0.86929180785 0.110077673724 0.000371434802565 0 9.57446573794e-05 0 0 0 0 0 0 0 0 0 0 0 0 0 0 0
0 0 0 0 0 0 0 0 0 0 0 0 0 0 0 0 2.57862384199e-05 0 0.213607503567 0.834928565504 0.999984355925 0.998782426965 0.999639638187 0.998948898503 0.999878806585 0.999138098261 0.998153893973 1 0.998061142898 0.999548187506 0.999256863602 0.997380707186 1 0.99740997289 0.999143737225 0.999651756264 0.999544319521 0.998489655528 0.99782831403 1 0.995331671627 1 0.996374829538 1 0.995695269367 1 1 0.997520678349 0.998160712622 0.998963502458 1 0.998801129077 0.99882850323 0.999083808247 0.99919165576 0.9992801745 0.999326495244 0.999380983245 0.998817305705 1 0.998220237077 1 0.995577730453 1 0.994380829376 1 0.995581063131 1 0.9982355586 1 0.998821029071 0.999378519441 0.999322331537 0.999270314148 0.999176487223 0.999061598435 0.998787805056 0.999058149015 1 0.998506477377 0.99805606174 0.997358551392 1 0.998965765216 0.995405514686 1 0.993561183462 1 0.99552184194 0.999661537324 1 0.998340934406 0.998902551838 0.998711201213 1 0.999315073445 0.997435404903 1 0.998769962914 1 0.997746155172 0.999649742985 0.998831272498 0.998976290513 0.99997106914 0.999375118206 0.999036570295 1 0.573538854371 0.0184164510511 0.000371434802569 0 9.57446573835e-05 0 1.05471187339e-15 1.05471187339e-15 1.05471187339e-15 1.05471187339e-15 1.05471187339e-15 1.05471187339e-15 1.05471187339e-15 1.05471187339e-15 1.05471187339e-15 1.05471187339e-15 1.05471187339e-15 1.05471187339e-15 1.05471187339e-15 1.05471187339e-15
0 0 0 0 0 0 0 0 0 0 0 0 0 0 0 0 2.57862384199e-05 0 0.0323578973294 0.612544512948 0.985798812963 1 1 1 1 1 1 1 1 1 1 1 1 1 1 1 1 1 1 1 0.998985472283 1 1 1 0.999349070024 1 1 1 1 1 1 1 1 1 1 1 1 1 1 1 1 1 0.99923153111 1 0.998034630032 1 0.999234863788 1 1 1 1 1 1 1 1 1 1 1 1 1 1 1 1 1 0.999059315343 1 0.997214984118 1 0.999175642596 1 1 1 1 1 1 1 1 1 1 1 1 1 1 1 1 1 1 0.96133864748 0.211172712225 0.000308346399718 0.000371434802567 0 9.57446573821e-05 0 0 0 0 0 0 0 0 0 0 0 0 0 0 0
0 0 0 0 0 0 0 0 0 0 0 0 0 0 0 0 2.57862384199e-05 0 0.000177726403951 0.294680588508 0.872649147917 0.997968072555 0.998825283777 0.998134544093 0.999064452175 0.998323743851 0.997339539563 1 0.997246788488 0.998733833096 0.998442509192 0.996566352776 1 0.99659561848 0.998329382815 0.998837401854 0.998729965111 0.997675301118 0.99701395962 1 0.994517317217 1 0.995560475129 1 0.994880914957 0.99985301567 1 0.99670632394 0.997346358212 0.998149148048 1 0.997986774667 0.99801414882 0.998269453837 0.99837730135 0.99846582009 0.998512140834 0.998566628836 0.998002951295 0.999236142018 0.997405882667 1 0.994763376043 1 0.993566474966 1 0.994766708721 1 0.997421204191 0.999223865596 0.998006674661 0.998564165031 0.998507977127 0.998455959738 0.998362132813 0.998247244025 0.997973450646 0.998243794605 1 0.997692122967 0.99724170733 0.996544196982 1 0.998151410806 0.994591160277 1 0.992746829052 1 0.99470748753 0.998847182914 1 0.997526579996 0.998088197428 0.997896846803 0.999386918267 0.998500719035 0.996621050493 1 0.997955608504 1 0.996931800762 0.998835388576 0.998016918088 0.998161936103 0.99915671473 0.998560763797 0.998222215885 0.681669659091 0.0351146464866 0.000292071158519 0.000371434802568 0 9.57446573829e-05 0 4.76893101831e-16 4.76893101831e-16 4.76893101831e-16 4.76893101831e-16 4.76893101831e-16 4.76893101831e-16 4.76893101831e-16 4.76893101831e-16 4.76893101831e-16 4.76893101831e-16 4.76893101831e-16 4.76893101831e-16 4.76893101831e-16 4.76893101831e-16
0 0 0 0 0 0 0 0 0 0 0 0 0 0 0 0 2.57862384199e-05 0 0.000177726403951 0.0578466480107 0.638898177012 0.983997292805 0.999804008565 0.999113268881 1 0.99930246864 0.998318264352 1 0.998225513276 0.999712557884 0.99942123398 0.997545077564 1 0.997574343268 0.999308107603 0.999816126642 0.999708689899 0.998654025906 0.997992684408 1 0.995496042005 1 0.996539199917 1 0.995859639746 1 1 0.997685048728 0.998325083 0.999127872836 1 0.998965499455 0.998992873608 0.999248178626 0.999356026138 0.999444544878 0.999490865622 0.999545353624 0.998981676083 1 0.998384607456 1 0.995742100832 1 0.994545199754 1 0.995745433509 1 0.998399928979 1 0.998985399449 0.999542889819 0.999486701915 0.999434684527 0.999340857601 0.999225968813 0.998952175434 0.999222519393 1 0.998670847755 0.998220432118 0.997522921771 1 0.999130135595 0.995569885065 1 0.99372555384 1 0.995686212318 0.999825907702 1 0.998505304784 0.999066922216 0.998875571591 1 0.999479443823 0.997599775281 1 0.998934333292 1 0.99791052555 0.999814113364 0.998995642876 0.999140660891 1 0.999539488585 0.968320509105 0.266016373723 0 0.000292071158518 0.000371434802568 0 9.57446573824e-05 0 2.77555756156e-17 2.77555756156e-17 2.77555756156e-17 2.77555756156e-17 2.77555756156e-17 2.77555756156e-17 2.77555756156e-17 2.77555756156e-17 2.77555756156e-17 2.77555756156e-17 2.77555756156e-17 2.77555756156e-17 2.77555756156e-17 2.77555756156e-17
0 0 0 0 0 0 0 0 0 0 0 0 0 0 0 0 2.57862384199e-05 0 0.000177726403951 0.000208207124619 0.29658116344 0.86061761176 1 0.999707519595 1 0.999896719354 0.998912515066 1 0.99881976399 1 1 0.998139328278 1 0.998168593982 0.999902358317 1 1 0.99924827662 0.998586935122 1 0.996090292719 1 0.997133450631 1 0.99645389046 1 1 0.998279299442 0.998919333714 0.99972212355 1 0.999559750169 0.999587124322 0.99984242934 0.999950276852 1 1 1 0.999575926797 1 0.99897885817 1 0.996336351546 1 0.995139450468 1 0.996339684223 1 0.998994179693 1 0.999579650163 1 1 1 0.999935108315 0.999820219527 0.999546426148 0.999816770107 1 0.999265098469 0.998814682832 0.998117172485 1 0.999724386309 0.996164135779 1 0.994319804554 1 0.996280463032 1 1 0.999099555498 0.999661172931 0.999469822305 1 1 0.998194025995 1 0.999528584006 1 0.998504776264 1 0.99958989359 0.999734911605 1 1 0.680342210249 0.0358113194816 0 0.000292071158517 0.000371434802566 0 9.57446573811e-05 0 0 0 0 0 0 0 0 0 0 0 0 0 0 0
0 0 0 0 0 0 0 0 0 0 0 0 0 0 0 0 2.57862384199e-05 0 0.000177726403951 0.000109709586963 0.0451649176529 0.57830513881 0.969978695087 0.999845182515 1 1 0.999050177985 1 0.998957426909 1 1 0.998276991197 1 0.998306256901 1 1 1 0.999385939539 0.998724598042 1 0.996227955638 1 0.99727111355 1 0.996591553379 1 1 0.998416962361 0.999056996634 0.999859786469 1 0.999697413088 0.999724787241 0.999980092259 1 1 1 1 0.999713589716 1 0.999116521089 1 0.996474014465 1 0.995277113387 1 0.996477347143 1 0.999131842612 1 0.999717313083 1 1 1 1 0.999957882446 0.999684089067 0.999954433026 1 0.999402761388 0.998952345752 0.998254835404 1 0.999862049228 0.996301798698 1 0.994457467473 1 0.996418125951 1 1 0.999237218417 0.99979883585 0.999607485224 1 1 0.998331688914 1 0.999666246925 1 0.998642439183 1 0.999727556509 0.999872574524 1 0.943063270532 0.214377024783 0.00103998035121 0 0.00029207115852 0.000371434802569 0 9.57446573843e-05 0 1.84574577844e-15 1.84574577844e-15 1.84574577844e-15 1.84574577844e-15 1.84574577844e-15 1.84574577844e-15 1.84574577844e-15 1.84574577844e-15 1.84574577844e-15 1.84574577844e-15 1.84574577844e-15 1.84574577844e-15 1.84574577844e-15 1.84574577844e-15
0 0 0 0 0 0 0 0 0 0 0 0 0 0 0 0 2.57862384199e-05 0 0.000177726403951 0.000109709586963 7.11562429644e-06 0.207182641307 0.780924913098 0.99743498973 1 0.999703227044 0.998719022756 1 0.998626271681 1 0.999821992385 0.997945835969 1 0.997975101673 0.999708866008 1 1 0.999054784311 0.998393442813 1 0.99589680041 1 0.996939958321 1 0.99626039815 1 1 0.998085807133 0.998725841405 0.999528631241 1 0.99936625786 0.999393632013 0.99964893703 0.999756784543 0.999845303283 0.999891624027 0.999946112029 0.999382434488 1 0.99878536586 1 0.996142859236 1 0.994945958159 1 0.996146191914 1 0.998800687383 1 0.999386157854 0.999943648224 0.99988746032 0.999835442931 0.999741616006 0.999626727218 0.999352933839 0.999623277798 1 0.99907160616 0.998621190523 0.997923680175 1 0.999530893999 0.995970643469 1 0.994126312245 1 0.996086970723 1 1 0.998906063189 0.999467680621 0.999276329996 1 0.999880202228 0.998000533686 1 0.999335091697 1 0.998311283955 1 0.999396401281 0.999541419296 0.998914048058 0.546502742222 0.0132868647599 0.00103998035121 0 0.000292071158517 0.000371434802567 0 9.57446573814e-05 0 0 0 0 0 0 0 0 0 0 0 0 0 0 0
0 0 0 0 0 0 0 0 0 0 0 0 0 0 0 0 2.57862384199e-05 0 0.000177726403951 0.000109709586963 7.11562429644e-06 0.0133189399205 0.415625024305 0.903380849319 0.999569192925 0.998828484602 0.997844280314 1 0.997751529238 0.999238573846 0.998947249942 0.997071093526 1 0.99710035923 0.998834123565 0.999342142604 0.999234705861 0.998180041868 0.99751870037 1 0.995022057967 1 0.996065215879 1 0.995385655708 1 1 0.99721106469 0.997851098962 0.998653888798 1 0.998491515417 0.99851888957 0.998774194588 0.9988820421 0.99897056084 0.999016881585 0.999071369586 0.998507692045 0.999740882768 0.997910623418 1 0.995268116794 1 0.994071215716 1 0.995271449471 1 0.997925944941 0.999728606346 0.998511415411 0.999068905781 0.999012717877 0.998960700489 0.998866873563 0.998751984775 0.998478191396 0.998748535355 1 0.998196863717 0.99774644808 0.997048937733 1 0.998656151557 0.995095901027 1 0.993251569802 1 0.99521222828 0.999351923664 1 0.998031320746 0.998592938179 0.998401587553 0.999891659017 0.999005459785 0.997125791243 1 0.998460349254 1 0.997436541512 0.999340129326 0.998521658838 0.998666676853 0.821233969327 0.0947982636959 0 0.00103998035121 0 0.000292071158518 0.000371434802568 0 9.57446573824e-05 0 2.08166817117e-17 2.08166817117e-17 2.08166817117e-17 2.08166817117e-17 2.08166817117e-17 2.08166817117e-17 2.08166817117e-17 2.08166817117e-17 2.08166817117e-17 2.08166817117e-17 2.08166817117e-17 2.08166817117e-17 2.08166817117e-17 2.08166817117e-17
0 0 0 0 0 0 0 0 0 0 0 0 0 0 0 0 2.57862384199e-05 0 0.000177726403951 0.000109709586963 7.11562429644e-06 0 0.0780714202414 0.587077442059 0.967324268287 1 0.999880727618 1 0.999787976543 1 1 0.999107540831 1 0.999136806535 1 1 1 1 0.999555147675 1 0.997058505272 1 0.998101663183 1 0.997422103012 1 1 0.999247511995 0.999887546267 1 1 1 1 1 1 1 1 1 1 1 0.999947070722 1 0.997304564098 1 0.996107663021 1 0.997307896776 1 0.999962392245 1 1 1 1 1 1 1 1 1 1 1 0.999782895385 0.999085385037 1 1 0.997132348331 1 0.995288017107 1 0.997248675585 1 1 1 1 1 1 1 0.999162238548 1 1 1 0.999472988817 1 1 0.951334035078 0.271252477028 0.00102393745752 0 0.00103998035121 0 0.000292071158518 0.000371434802568 0 9.57446573824e-05 0 2.77555756156e-17 2.77555756156e-17 2.77555756156e-17 2.77555756156e-17 2.77555756156e-17 2.77555756156e-17 2.77555756156e-17 2.77555756156e-17 2.77555756156e-17 2.77555756156e-17 2.77555756156e-17 2.77555756156e-17 2.77555756156e-17 2.77555756156e-17
0 0 0 0 0 0 0 0 0 0 0 0 0 0 0 0 2.57862384199e-05 0 0.000177726403951 0.000109709586963 7.11562429644e-06 0 0.000666841696616 0.175110635798 0.70575299945 0.98818027006 0.998716105883 1 0.998623354807 1 0.999819075511 0.997942919095 1 0.997972184799 0.999705949135 1 1 0.999051867437 0.99839052594 1 0.995893883536 1 0.996937041448 1 0.996257481277 1 1 0.998082890259 0.998722924532 0.999525714367 1 0.999363340986 0.999390715139 0.999646020157 0.99975386767 0.999842386409 0.999888707154 0.999943195155 0.999379517614 1 0.998782448987 1 0.996139942363 1 0.994943041285 1 0.996143275041 1 0.99879777051 1 0.999383240981 0.999940731351 0.999884543447 0.999832526058 0.999738699132 0.999623810345 0.999350016965 0.999620360924 1 0.999068689287 0.99861827365 0.997920763302 1 0.999527977126 0.995967726596 1 0.994123395371 1 0.996084053849 1 1 0.998903146315 0.999464763748 0.999273413122 1 0.999877285355 0.997997616812 1 0.999332174824 1 0.998308367081 1 0.988055942352 0.477166736388 0.00784526522394 0.000729079782719 0 0.00103998035121 0 0.000292071158518 0.000371434802567 0 9.57446573821e-05 0 0 0 0 0 0 0 0 0 0 0 0 0 0 0
0 0 0 0 0 0 0 0 0 0 0 0 0 0 0 0 2.57862384199e-05 0 0.000177726403951 0.000109709586963 7.11562429644e-06 0 0.000539672041876 0.00389637192374 0.269870374888 0.77766425777 0.994949584879 1 0.999067503802 1 1 0.99838706809 1 0.998416333795 1 1 1 0.999496016432 0.998834674935 1 0.996338032532 1 0.997381190443 1 0.996701630272 1 1 0.998527039254 0.999167073527 0.999969863363 1 0.999807489981 0.999834864135 1 1 1 1 1 0.99982366661 1 0.999226597982 1 0.996584091358 1 0.99538719028 1 0.996587424036 1 0.999241919505 1 0.999827389976 1 1 1 1 1 0.99979416596 1 1 0.999512838282 0.999062422645 0.998364912297 1 0.999972126121 0.996411875591 1 0.994567544367 1 0.996528202844 1 1 0.99934729531 0.999908912743 0.999717562117 1 1 0.998441765807 1 0.999776323819 1 0.998752516076 0.998657415005 0.631444494292 0.0358564699136 0 0.00072907978272 0 0.00103998035121 0 0.000292071158519 0.000371434802568 0 9.5744657383e-05 0 5.65519853168e-16 5.65519853168e-16 5.65519853168e-16 5.65519853168e-16 5.65519853168e-16 5.65519853168e-16 5.65519853168e-16 5.65519853168e-16 5.65519853168e-16 5.65519853168e-16 5.65519853168e-16 5.65519853168e-16 5.65519853168e-16 5.65519853168e-16
0 0 0 0 0 0 0 0 0 0 0 0 0 0 0 0 2.57862384199e-05 0 0.000177726403951 0.000109709586963 7.11562429644e-06 0 0.000539672041876 0 0.0168876008869 0.328596996506 0.811818785945 0.999052945123 0.998094940388 0.999581984996 0.999290661092 0.997414504676 1 0.99744377038 0.999177534715 0.999685553753 0.999578117011 0.998523453017 0.99786211152 1 0.995365469117 1 0.996408627028 1 0.995729066857 1 1 0.997554475839 0.998194510112 0.998997299948 1 0.998834926566 0.99886230072 0.999117605737 0.99922545325 0.999313971989 0.999360292734 0.999414780735 0.998851103195 1 0.998254034567 1 0.995611527943 1 0.994414626865 1 0.995614860621 1 0.99826935609 1 0.998854826561 0.999412316931 0.999356129027 0.999304111638 0.999210284712 0.999095395925 0.998821602545 0.999091946505 1 0.998540274867 0.99808985923 0.997392348882 1 0.998999562706 0.995439312176 1 0.993594980952 1 0.99555563943 0.999695334814 1 0.998374731896 0.998936349328 0.998744998702 1 0.999348870935 0.997469202392 1 0.998803760404 1 0.996819249981 0.720934724713 0.0690000285478 0.00114860987733 0 0.000729079782719 0 0.00103998035121 0 0.000292071158518 0.000371434802567 0 9.57446573822e-05 0 0 0 0 0 0 0 0 0 0 0 0 0 0 0
0 0 0 0 0 0 0 0 0 0 0 0 0 0 0 0 2.57862384199e-05 0 0.000177726403951 0.000109709586963 7.11562429644e-06 0 0.000539672041876 0 0.00130579066943 0.0247877853875 0.349052616083 0.816342785582 0.995554535057 1 1 0.998238968036 1 0.99826823374 1 1 1 0.999347916377 0.99868657488 1 0.996189932477 1 0.997233090388 1 0.996553530217 1 1 0.998378939199 0.999018973472 0.999821763308 1 0.999659389926 0.99968676408 0.999942069097 1 1 1 1 0.999675566555 1 0.999078497927 1 0.996435991303 1 0.995239090225 1 0.996439323981 1 0.99909381945 1 0.999679289921 1 1 1 1 0.999919859285 0.999646065905 0.999916409865 1 0.999364738227 0.99891432259 0.998216812242 1 0.999824026066 0.996263775536 1 0.994419444312 1 0.99638010279 1 1 0.999199195256 0.999760812688 0.999569462062 1 1 0.998293665752 1 0.999628223764 1 0.740370161972 0.0992794860395 0 0.00114860987733 0 0.000729079782719 0 0.00103998035121 0 0.000292071158518 0.000371434802568 0 9.57446573825e-05 0 5.55111512313e-17 5.55111512313e-17 5.55111512313e-17 5.55111512313e-17 5.55111512313e-17 5.55111512313e-17 5.55111512313e-17 5.55111512313e-17 5.55111512313e-17 5.55111512313e-17 5.55111512313e-17 5.55111512313e-17 5.55111512313e-17 5.55111512313e-17
0 0 0 0 0 0 0 0 0 0 0 0 0 0 0 0 2.57862384199e-05 0 0.000177726403951 0.000109709586963 7.11562429644e-06 0 0.000539672041876 0 0.00130579066943 0 0.0270462225637 0.329459103946 0.777011940435 0.991963411574 0.998913114453 0.997036958037 1 0.997066223741 0.998799988077 0.999308007115 0.999200570373 0.998145906379 0.997484564882 1 0.994987922478 1 0.99603108039 1 0.995351520219 1 1 0.997176929201 0.997816963474 0.998619753309 1 0.998457379928 0.998484754081 0.998740059099 0.998847906612 0.998936425351 0.998982746096 0.999037234097 0.998473556556 0.999706747279 0.997876487929 1 0.995233981305 1 0.994037080227 1 0.995237313983 1 0.997891809452 0.999694470857 0.998477279923 0.999034770293 0.998978582389 0.998926565 0.998832738074 0.998717849287 0.998444055907 0.998714399866 1 0.998162728229 0.997712312592 0.997014802244 1 0.998622016068 0.995061765538 1 0.993217434313 1 0.995178092791 0.999317788176 1 0.997997185257 0.99855880269 0.998367452064 0.999857523528 0.998971324297 0.997091655754 1 0.995600982091 0.709027765636 0.0932900792038 0.00160288077274 0 0.00114860987733 0 0.000729079782719 0 0.00103998035121 0 0.000292071158518 0.000371434802567 0 9.5744657382e-05 0 0 0 0 0 0 0 0 0 0 0 0 0 0 0
0 0 0 0 0 0 0 0 0 0 0 0 0 0 0 0 2.57862384199e-05 0 0.000177726403951 0.000109709586963 7.11562429644e-06 0 0.000539672041876 0 0.00130579066943 0 0 0.022527547126 0.265957267511 0.700895555644 0.976832266985 0.999735541532 1 0.999764807236 1 1 1 1 1 1 0.997686505974 1 0.998729663885 1 0.998050103714 1 1 0.999875512696 1 1 1 1 1 1 1 1 1 1 1 1 1 1 0.9979325648 1 0.996735663722 1 0.997935897478 1 1 1 1 1 1 1 1 1 1 1 1 1 1 0.999713385739 1 1 0.997760349033 1 0.995916017809 1 0.997876676286 1 1 1 1 1 1 1 0.999790239249 0.988021463258 0.607122417633 0.0669730305225 0 0.00160288077274 0 0.00114860987733 0 0.00072907978272 0 0.00103998035121 0 0.000292071158519 0.000371434802568 0 9.57446573832e-05 0 7.97972798949e-16 7.97972798949e-16 7.97972798949e-16 7.97972798949e-16 7.97972798949e-16 7.97972798949e-16 7.97972798949e-16 7.97972798949e-16 7.97972798949e-16 7.97972798949e-16 7.97972798949e-16 7.97972798949e-16 7.97972798949e-16 7.97972798949e-16
0 0 0 0 0 0 0 0 0 0 0 0 0 0 0 0 2.57862384199e-05 0 0.000177726403951 0.000109709586963 7.11562429644e-06 0 0.000539672041876 0 0.00130579066943 0 0 0.00279751568751 0.00617204600228 0.182314818955 0.567142633881 0.919919952602 1 0.997181767236 0.998915531572 0.99942355061 0.999316113868 0.998261449874 0.997600108377 1 0.995103465974 1 0.996146623885 1 0.995467063714 1 1 0.997292472696 0.997932506969 0.998735296805 1 0.998572923423 0.998600297576 0.998855602594 0.998963450107 0.999051968846 0.999098289591 0.999152777592 0.998589100052 0.999822290774 0.997992031424 1 0.9953495248 1 0.994152623722 1 0.995352857478 1 0.998007352947 0.999810014352 0.998592823418 0.999150313788 0.999094125884 0.999042108495 0.998948281569 0.998833392782 0.998559599402 0.998829943362 1 0.998278271724 0.997827856087 0.997130345739 1 0.998737559563 0.995177309033 1 0.993332977809 1 0.995293636286 0.999433331671 1 0.998112728752 0.998674346185 0.998482995559 0.999973067023 0.999086867792 0.931950747979 0.440588385325 0.0271342235174 0.00228900204958 0 0.00160288077274 0 0.00114860987733 0 0.000729079782718 0 0.00103998035121 0 0.000292071158517 0.000371434802567 0 9.57446573816e-05 0 0 0 0 0 0 0 0 0 0 0 0 0 0 0
0 0 0 0 0 0 0 0 0 0 0 0 0 0 0 0 2.57862384199e-05 0 0.000177726403951 0.000109709586963 7.11562429644e-06 0 0.000539672041876 0 0.00130579066943 0 0 0.00279751568751 0 0.00276013016605 0.0912626612267 0.398095264284 0.794102546736 0.985603108544 0.999071691572 0.99957971061 0.999472273868 0.998417609874 0.997756268377 1 0.995259625974 1 0.996302783885 1 0.995623223714 1 1 0.997448632696 0.998088666969 0.998891456805 1 0.998729083423 0.998756457576 0.999011762594 0.999119610107 0.999208128846 0.999254449591 0.999308937592 0.998745260052 0.999978450774 0.998148191424 1 0.9955056848 1 0.994308783722 1 0.995509017478 1 0.998163512947 0.999966174352 0.998748983418 0.999306473788 0.999250285884 0.999198268495 0.999104441569 0.998989552782 0.998715759402 0.998986103362 1 0.998434431724 0.997984016087 0.997286505739 1 0.998893719563 0.995333469033 1 0.993489137809 1 0.995449796286 0.999589491671 1 0.998268888752 0.998830506185 0.998639155559 0.996578752947 0.78420183839 0.2341134196 0.00748619855737 0 0.00228900204958 0 0.00160288077274 0 0.00114860987733 0 0.00072907978272 0 0.00103998035121 0 0.000292071158519 0.000371434802568 0 9.57446573829e-05 0 4.83987849798e-16 4.83987849798e-16 4.83987849798e-16 4.83987849798e-16 4.83987849798e-16 4.83987849798e-16 4.83987849798e-16 4.83987849798e-16 4.83987849798e-16 4.83987849798e-16 4.83987849798e-16 4.83987849798e-16 4.83987849798e-16 4.83987849798e-16
0 0 0 0 0 0 0 0 0 0 0 0 0 0 0 0 2.57862384199e-05 0 0.000177726403951 0.000109709586963 7.11562429644e-06 0 0.000539672041876 0 0.00130579066943 0 0 0.00279751568751 0 0.00187462678045 0 0.0273382910162 0.223994677905 0.567211899443 0.897372890912 0.999864711177 1 0.999930569874 0.999269228377 1 0.996772585974 1 0.997815743885 1 0.997136183714 1 1 0.998961592696 0.999601626969 1 1 1 1 1 1 1 1 1 1 1 0.999661151424 1 0.9970186448 1 0.995821743722 1 0.997021977478 1 0.999676472947 1 1 1 1 1 1 1 1 1 1 0.999947391724 0.999496976087 0.998799465739 1 1 0.996846429033 1 0.995002097809 1 0.996962756286 1 1 0.999781848752 1 0.924096500021 0.495986853884 0.0741817470022 0 0.00131575857699 0 0.00228900204958 0 0.00160288077274 0 0.00114860987733 0 0.000729079782719 0 0.00103998035121 0 0.000292071158518 0.000371434802567 0 9.57446573821e-05 0 0 0 0 0 0 0 0 0 0 0 0 0 0 0
0 0 0 0 0 0 0 0 0 0 0 0 0 0 0 0 2.57862384199e-05 0 0.000177726403951 0.000109709586963 7.11562429644e-06 0 0.000539672041876 0 0.00130579066943 0 0 0.00279751568751 0 0.00187462678045 0 0 0.00453508653255 0.0755890613691 0.313238539879 0.654024959522 0.929192178081 0.999369462329 0.999002988377 1 0.996506345974 1 0.997549503885 1 0.996869943714 1 1 0.998695352696 0.999335386969 1 1 0.999975803423 1 1 1 1 1 1 0.999991980052 1 0.999394911424 1 0.9967524048 1 0.995555503722 1 0.996755737478 1 0.999410232947 1 0.999995703418 1 1 1 1 1 0.999962479402 1 1 0.999681151724 0.999230736087 0.998533225739 1 1 0.996580189033 1 0.994735857809 1 0.996696516286 1 1 0.958415131442 0.644066308553 0.173050625771 0.0108695630772 0.000354919702914 0 0.00111095857699 0 0.00208420204958 0 0.00139808077274 0 0.000943809877335 0 0.00052427978272 0 0.00083518035121 0 8.72711585191e-05 0.000166634802568 0 0 0 0 0 0 0 0 0 0 0 0 0 0 0 0 0
0 0 0 0 0 0 0 0 0 0 0 0 0 0 0 0 2.57862384199e-05 0 0.000177726403951 0.000109709586963 7.11562429644e-06 0 0.000539672041876 0 0.00130579066943 0 0 0.00279751568751 0 0.00187462678045 0 0 0.00305691414044 0 0.00961332834098 0.110405159562 0.335079002597 0.654913316584 0.912619869574 1 0.995597702708 1 0.99664086062 1 0.995961300449 1 1 0.997786709431 0.998426743704 0.999229533539 1 0.999067160158 0.999094534311 0.999349839329 0.999457686841 0.999546205581 0.999592526326 0.999647014327 0.999083336786 1 0.998486268159 1 0.995843761535 1 0.994646860457 1 0.995847094212 1 0.998501589682 1 0.999087060152 0.999644550522 0.999588362618 0.99953634523 0.999442518304 0.999327629516 0.999053836137 0.999324180096 1 0.998772508458 0.998322092821 0.997624582474 1 0.999231796298 0.995671545768 1 0.993827214543 1 0.995787873021 0.952870283422 0.665409422987 0.232844186995 0.0298481611247 0 0.00236559253428 0.000969319702911 0 0.00172535857699 0 0.00269860204958 0 0.00201248077274 0 0.00155820987733 0 0.00113867978272 0 0.00144958035121 0 0.000701671158516 0.000781034802566 0 0.000505344657381 0.000405475378566 0.000409599999998 0.000409599999998 0.000409599999998 0.000409599999998 0.000409599999998 0.000409599999998 0.000409599999998 0.000409599999998 0.000409599999998 0.000409599999998 0.000409599999998 0.000409599999998 0.000409599999998 0.000409599999998
0 0 0 0 0 0 0 0 0 0 0 0 0 0 0 0 2.57862384199e-05 0 0.000177726403951 0.000109709586963 7.11562429644e-06 0 0.000539672041876 0 0.00130579066943 0 0 0.00279751568751 0 0.00187462678045 0 0 0.00305691414044 0 0.00131589967833 0.00109735250721 0.0106156455943 0.100754817586 0.292827234824 0.582856134568 0.838821521421 0.986979750843 0.996826434497 1 0.996146874326 1 1 0.997972283308 0.998612317581 0.999415107417 1 0.999252734036 0.999280108189 0.999535413206 0.999643260719 0.999731779459 0.999778100203 0.999832588204 0.999268910664 1 0.998671842036 1 0.996029335412 1 0.994832434334 1 0.99603266809 1 0.998687163559 1 0.99927263403 0.9998301244 0.999773936496 0.999721919107 0.999628092181 0.999513203394 0.999239410015 0.999509753974 1 0.998958082336 0.998507666699 0.997810156351 1 0.999417370175 0.995857119645 1 0.991893867468 0.896285268869 0.577519455229 0.206805655854 0.0353546397886 0 0.00325961765152 0 0.00175119253428 0.000354919702913 0 0.00111095857699 0 0.00208420204958 0 0.00139808077274 0 0.000943809877334 0 0.00052427978272 0 0.00083518035121 0 8.72711585186e-05 0.000166634802568 0 0 0 0 0 0 0 0 0 0 0 0 0 0 0 0 0
0 0 0 0 0 0 0 0 0 0 0 0 0 0 0 0 2.57862384199e-05 0 0.000177726403951 0.000109709586963 7.11562429644e-06 0 0.000539672041876 0 0.00130579066943 0 0 0.00279751568751 0 0.00187462678045 0 0 0.00305691414044 0 0.00131589967833 0.00109735250721 0.000276846797498 0 0.00267357597702 0.0697538324573 0.198868253769 0.423480377736 0.680199081943 0.892417297821 0.989024751381 1 1 0.997940309431 0.998580343704 0.999383133539 1 0.999220760158 0.999248134311 0.999503439329 0.999611286841 0.999699805581 0.999746126326 0.999800614327 0.999236936786 1 0.998639868159 1 0.995997361535 1 0.994800460457 1 0.996000694212 1 0.998655189682 1 0.999240660152 0.999798150522 0.999741962618 0.99968994523 0.999596118304 0.999481229516 0.999207436137 0.999477780096 1 0.998926108458 0.998475692821 0.997778182474 1 0.999270668157 0.936364792596 0.723574108666 0.395145757083 0.128468452896 0.0144735167237 0 0.0038201823167 0 0.00346441765152 0 0.00195599253428 0.000559719702913 0 0.00131575857699 0 0.00228900204958 0 0.00160288077274 0 0.00114860987733 0 0.000729079782719 0 0.00103998035121 0 0.000292071158518 0.000371434802568 0 9.57446573824e-05 0 1.38777878078e-17 1.38777878078e-17 1.38777878078e-17 1.38777878078e-17 1.38777878078e-17 1.38777878078e-17 1.38777878078e-17 1.38777878078e-17 1.38777878078e-17 1.38777878078e-17 1.38777878078e-17 1.38777878078e-17 1.38777878078e-17 1.38777878078e-17
0 0 0 0 0 0 0 0 0 0 0 0 0 0 0 0 2.57862384199e-05 0 0.000177726403951 0.000109709586963 7.11562429644e-06 0 0.000539672041876 0 0.00130579066943 0 0 0.00279751568751 0 0.00187462678045 0 0 0.00305691414044 0 0.00131589967833 0.00109735250721 0.000276846797498 0 0 0.0043033666351 0 0.0246291187774 0.0969293482849 0.22664940251 0.421224671497 0.650774193942 0.836518606213 0.962000643263 0.998990654836 0.99991540456 1 0.999753031178 0.999780405332 1 1 1 1 1 0.999769207807 1 0.999172139179 1 0.996529632555 1 0.995332731477 1 0.996532965233 1 0.999187460702 1 0.999772931173 1 1 1 1 1 0.999739707157 1 1 0.999458379479 0.991400273509 0.88447410888 0.691014052258 0.422426562043 0.162827358432 0.0560648324889 0 0.00518846302215 0 0 0.0038201823167 0 0.00346441765152 0 0.00195599253428 0.000559719702913 0 0.00131575857699 0 0.00228900204958 0 0.00160288077274 0 0.00114860987733 0 0.00072907978272 0 0.00103998035121 0 0.000292071158519 0.000371434802568 0 9.57446573831e-05 0 7.24680732089e-16 7.24680732089e-16 7.24680732089e-16 7.24680732089e-16 7.24680732089e-16 7.24680732089e-16 7.24680732089e-16 7.24680732089e-16 7.24680732089e-16 7.24680732089e-16 7.24680732089e-16 7.24680732089e-16 7.24680732089e-16 7.24680732089e-16
0 0 0 0 0 0 0 0 0 0 0 0 0 0 0 0 2.57862384199e-05 0 0.000177726403951 0.000109709586963 7.11562429644e-06 0 0.000539672041876 0 0.00130579066943 0 0 0.00279751568751 0 0.00187462678045 0 0 0.00305691414044 0 0.00131589967833 0.00109735250721 0.000276846797498 0 0 0.0043033666351 0 0.003768595968 0 0 0.0185314116487 0.0770711869049 0.171781079687 0.293527030333 0.476528344812 0.652643208566 0.801707288375 0.909719697981 0.986478302263 0.999679295655 0.999787143168 0.999875661908 0.999921982652 0.999976470653 0.999412793113 1 0.998815724485 1 0.996173217861 1 0.994976316783 1 0.996176550539 1 0.998831046008 1 0.999416516479 0.999974006849 0.999917818945 0.999865801556 0.99977197463 0.998795815546 0.956313840788 0.839617939184 0.69595457868 0.498489281247 0.279898699621 0.116206328791 0.0501775461722 0.00149568635704 0 0.0074837010129 0 0.00518846302215 0 0 0.0038201823167 0 0.00346441765152 0 0.00195599253428 0.000559719702912 0 0.00131575857699 0 0.00228900204958 0 0.00160288077274 0 0.00114860987733 0 0.000729079782719 0 0.00103998035121 0 0.000292071158518 0.000371434802567 0 9.57446573821e-05 0 0 0 0 0 0 0 0 0 0 0 0 0 0 0
0 0 0 0 0 0 0 0 0 0 0 0 0 0 0 0 2.57862384199e-05 0 0.000177726403951 0.000109709586963 7.11562429644e-06 0 0.000539672041876 0 0.00130579066943 0 0 0.00279751568751 0 0.00187462678045 0 0 0.00305691414044 0 0.00131589967833 0.00109735250721 0.000276846797498 0 0 0.0043033666351 0 0.003768595968 0 0 0 7.49545064519e-05 0.00235467743782 0.000207869115956 0.0254913081322 0.0675552886435 0.141738454387 0.207716360675 0.30747978025 0.442009447652 0.561377394435 0.662557819958 0.747344282495 0.814871621747 0.867430472138 0.912400834044 0.943998789844 0.971783061975 0.982445831731 1 0.992948744224 0.997749284122 0.976928455149 0.962876495875 0.929178532281 0.891811946656 0.839171926516 0.771482209132 0.689597608999 0.58975781286 0.462035523821 0.312154939174 0.185545958621 0.0997400150024 0.0559551943245 0.0079306871868 0.0018840637505 0 0.00714385601248 0 0 0.0074837010129 0 0.00518846302215 0 0 0.0038201823167 0 0.00346441765152 0 0.00195599253428 0.000559719702912 0 0.00131575857699 0 0.00228900204958 0 0.00160288077274 0 0.00114860987733 0 0.000729079782719 0 0.00103998035121 0 0.000292071158518 0.000371434802567 0 9.57446573821e-05 0 0 0 0 0 0 0 0 0 0 0 0 0 0 0
0 0 0 0 0 0 0 0 0 0 0 0 0 0 0 0 2.57862384199e-05 0 0.000177726403951 0.000109709586963 7.11562429644e-06 0 0.000539672041876 0 0.00130579066943 0 0 0.00279751568751 0 0.00187462678045 0 0 0.00305691414044 0 0.00131589967833 0.00109735250721 0.000276846797498 0 0 0.0043033666351 0 0.003768595968 0 0 0 7.49545064519e-05 0.00235467743782 0 0.000565465270854 0 0.00705598184664 0 0.00182028688742 0.0176052414718 0.0357446597099 0.0631082612538 0.0978073871796 0.129976144573 0.15721772543 0.185710888014 0.211709836261 0.232829337316 0.239633269251 0.248357227149 0.242035197404 0.245164157902 0.221280339713 0.2044171274 0.175041521267 0.150605977556 0.118746337602 0.0816276045196 0.0535958448778 0.0307909693607 0.00732182162717 0 0.00332736813163 0 0.00734805473407 0 0.00167299663644 0 0.00714385601248 0 0 0.0074837010129 0 0.00518846302215 0 0 0.0038201823167 0 0.00346441765152 0 0.00195599253428 0.000559719702913 0 0.00131575857699 0 0.00228900204958 0 0.00160288077274 0 0.00114860987733 0 0.00072907978272 0 0.00103998035121 0 0.000292071158518 0.000371434802568 0 9.57446573827e-05 0 2.5023386141e-16 2.5023386141e-16 2.5023386141e-16 2.5023386141e-16 2.5023386141e-16 2.5023386141e-16 2.5023386141e-16 2.5023386141e-16 2.5023386141e-16 2.5023386141e-16 2.5023386141e-16 2.5023386141e-16 2.5023386141e-16 2.5023386141e-16
0 0 0 0 0 0 0 0 0 0 0 0 0 0 0 0 2.57862384199e-05 0 0.000177726403951 0.000109709586963 7.11562429644e-06 0 0.000539672041876 0 0.00130579066943 0 0 0.00279751568751 0 0.00187462678045 0 0 0.00305691414044 0 0.00131589967833 0.00109735250721 0.000276846797498 0 0 0.0043033666351 0 0.003768595968 0 0 0 7.49545064519e-05 0.00235467743782 0 0.000565465270854 0 0.00705598184664 0 0 0.0023098375384 0 0 0.00185825494552 0.0016672818782 0 0 0.000261401931321 0.00373860886683 0 0.000467311457089 0 0.00624065489365 0 0.000784579517921 0 0.0024212864502 0.0014710578885 0 0 0.00265454399971 0 0 0.00332736813163 0 0.00734805473407 0 0.00167299663644 0 0.00714385601248 0 0 0.0074837010129 0 0.00518846302215 0 0 0.0038201823167 0 0.00346441765152 0 0.00195599253428 0.000559719702913 0 0.00131575857699 0 0.00228900204958 0 0.00160288077274 0 0.00114860987733 0 0.000729079782719 0 0.00103998035121 0 0.000292071158518 0.000371434802568 0 9.57446573824e-05 0 0 0 0 0 0 0 0 0 0 0 0 0 0 0
0 0 0 0 0 0 0 0 0 0 0 0 0 0 0 0 2.57862384199e-05 0 0.000177726403951 0.000109709586963 7.11562429644e-06 0 0.000539672041876 0 0.00130579066943 0 0 0.00279751568751 0 0.00187462678045 0 0 0.00305691414044 0 0.00131589967833 0.00109735250721 0.000276846797498 0 0 0.0043033666351 0 0.003768595968 0 0 0 7.49545064519e-05 0.00235467743782 0 0.000565465270854 0 0.00705598184664 0 0 0.0023098375384 0 0 0.00185825494552 0.0016672818782 0 0 0.000261401931321 0.00373860886683 0 0.000467311457089 0 0.00624065489365 0 0.000784579517921 0 0.0024212864502 0.0014710578885 0 0 0.00265454399971 0 0 0.00332736813163 0 0.00734805473407 0 0.00167299663644 0 0.00714385601248 0 0 0.0074837010129 0 0.00518846302215 0 0 0.0038201823167 0 0.00346441765152 0 0.00195599253428 0.000559719702913 0 0.00131575857699 0 0.00228900204958 0 0.00160288077274 0 0.00114860987733 0 0.000729079782719 0 0.00103998035121 0 0.000292071158518 0.000371434802568 0 9.57446573824e-05 0 0 0 0 0 0 0 0 0 0 0 0 0 0 0
0 0 0 0 0 0 0 0 0 0 0 0 0 0 0 0 2.57862384199e-05 0 0.000177726403951 0.000109709586963 7.11562429644e-06 0 0.000539672041876 0 0.00130579066943 0 0 0.00279751568751 0 0.00187462678045 0 0 0.00305691414044 0 0.00131589967833 0.00109735250721 0.000276846797498 0 0 0.0043033666351 0 0.003768595968 0 0 0 7.49545064519e-05 0.00235467743782 0 0.000565465270854 0 0.00705598184664 0 0 0.0023098375384 0 0 0.00185825494552 0.0016672818782 0 0 0.000261401931321 0.00373860886683 0 0.000467311457089 0 0.00624065489365 0 0.000784579517921 0 0.0024212864502 0.0014710578885 0 0 0.00265454399971 0 0 0.00332736813163 0 0.00734805473407 0 0.00167299663644 0 0.00714385601248 0 0 0.0074837010129 0 0.00518846302215 0 0 0.0038201823167 0 0.00346441765152 0 0.00195599253428 0.000559719702913 0 0.00131575857699 0 0.00228900204958 0 0.00160288077274 0 0.00114860987733 0 0.000729079782719 0 0.00103998035121 0 0.000292071158518 0.000371434802568 0 9.57446573824e-05 0 0 0 0 0 0 0 0 0 0 0 0 0 0 0
0 0 0 0 0 0 0 0 0 0 0 0 0 0 0 0 2.57862384199e-05 0 0.000177726403951 0.000109709586963 7.11562429644e-06 0 0.000539672041876 0 0.00130579066943 0 0 0.00279751568751 0 0.00187462678045 0 0 0.00305691414044 0 0.00131589967833 0.00109735250721 0.000276846797498 0 0 0.0043033666351 0 0.003768595968 0 0 0 7.49545064519e-05 0.00235467743782 0 0.000565465270854 0 0.00705598184664 0 0 0.0023098375384 0 0 0.00185825494552 0.0016672818782 0 0 0.000261401931321 0.00373860886683 0 0.000467311457089 0 0.00624065489365 0 0.000784579517921 0 0.0024212864502 0.0014710578885 0 0 0.00265454399971 0 0 0.00332736813163 0 0.00734805473407 0 0.00167299663644 0 0.00714385601248 0 0 0.0074837010129 0 0.00518846302215 0 0 0.0038201823167 0 0.00346441765152 0 0.00195599253428 0.000559719702913 0 0.00131575857699 0 0.00228900204958 0 0.00160288077274 0 0.00114860987733 0 0.000729079782719 0 0.00103998035121 0 0.000292071158518 0.000371434802568 0 9.57446573824e-05 0 0 0 0 0 0 0 0 0 0 0 0 0 0 0
0 0 0 0 0 0 0 0 0 0 0 0 0 0 0 0 2.57862384199e-05 0 0.000177726403951 0.000109709586963 7.11562429644e-06 0 0.000539672041876 0 0.00130579066943 0 0 0.00279751568751 0 0.00187462678045 0 0 0.00305691414044 0 0.00131589967833 0.00109735250721 0.000276846797498 0 0 0.0043033666351 0 0.003768595968 0 0 0 7.49545064519e-05 0.00235467743782 0 0.000565465270854 0 0.00705598184664 0 0 0.0023098375384 0 0 0.00185825494552 0.0016672818782 0 0 0.000261401931321 0.00373860886683 0 0.000467311457089 0 0.00624065489365 0 0.000784579517921 0 0.0024212864502 0.0014710578885 0 0 0.00265454399971 0 0 0.00332736813163 0 0.00734805473407 0 0.00167299663644 0 0.00714385601248 0 0 0.0074837010129 0 0.00518846302215 0 0 0.0038201823167 0 0.00346441765152 0 0.00195599253428 0.000559719702913 0 0.00131575857699 0 0.00228900204958 0 0.00160288077274 0 0.00114860987733 0 0.000729079782719 0 0.00103998035121 0 0.000292071158518 0.000371434802568 0 9.57446573824e-05 0 0 0 0 0 0 0 0 0 0 0 0 0 0 0
0 0 0 0 0 0 0 0 0 0 0 0 0 0 0 0 2.57862384199e-05 0 0.000177726403951 0.000109709586963 7.11562429644e-06 0 0.000539672041876 0 0.00130579066943 0 0 0.00279751568751 0 0.00187462678045 0 0 0.00305691414044 0 0.00131589967833 0.00109735250721 0.000276846797498 0 0 0.0043033666351 0 0.003768595968 0 0 0 7.49545064519e-05 0.00235467743782 0 0.000565465270854 0 0.00705598184664 0 0 0.0023098375384 0 0 0.00185825494552 0.0016672818782 0 0 0.000261401931321 0.00373860886683 0 0.000467311457089 0 0.00624065489365 0 0.000784579517921 0 0.0024212864502 0.0014710578885 0 0 0.00265454399971 0 0 0.00332736813163 0 0.00734805473407 0 0.00167299663644 0 0.00714385601248 0 0 0.0074837010129 0 0.00518846302215 0 0 0.0038201823167 0 0.00346441765152 0 0.00195599253428 0.000559719702913 0 0.00131575857699 0 0.00228900204958 0 0.00160288077274 0 0.00114860987733 0 0.000729079782719 0 0.00103998035121 0 0.000292071158518 0.000371434802568 0 9.57446573824e-05 0 0 0 0 0 0 0 0 0 0 0 0 0 0 0
0 0 0 0 0 0 0 0 0 0 0 0 0 0 0 0 2.57862384199e-05 0 0.000177726403951 0.000109709586963 7.11562429644e-06 0 0.000539672041876 0 0.00130579066943 0 0 0.00279751568751 0 0.00187462678045 0 0 0.00305691414044 0 0.00131589967833 0.00109735250721 0.000276846797498 0 0 0.0043033666351 0 0.003768595968 0 0 0 7.49545064519e-05 0.00235467743782 0 0.000565465270854 0 0.00705598184664 0 0 0.0023098375384 0 0 0.00185825494552 0.0016672818782 0 0 0.000261401931321 0.00373860886683 0 0.000467311457089 0 0.00624065489365 0 0.000784579517921 0 0.0024212864502 0.0014710578885 0 0 0.00265454399971 0 0 0.00332736813163 0 0.00734805473407 0 0.00167299663644 0 0.00714385601248 0 0 0.0074837010129 0 0.00518846302215 0 0 0.0038201823167 0 0.00346441765152 0 0.00195599253428 0.000559719702913 0 0.00131575857699 0 0.00228900204958 0 0.00160288077274 0 0.00114860987733 0 0.000729079782719 0 0.00103998035121 0 0.000292071158518 0.000371434802568 0 9.57446573824e-05 0 0 0 0 0 0 0 0 0 0 0 0 0 0 0
0 0 0 0 0 0 0 0 0 0 0 0 0 0 0 0 2.57862384199e-05 0 0.000177726403951 0.000109709586963 7.11562429644e-06 0 0.000539672041876 0 0.00130579066943 0 0 0.00279751568751 0 0.00187462678045 0 0 0.00305691414044 0 0.00131589967833 0.00109735250721 0.000276846797498 0 0 0.0043033666351 0 0.003768595968 0 0 0 7.49545064519e-05 0.00235467743782 0 0.000565465270854 0 0.00705598184664 0 0 0.0023098375384 0 0 0.00185825494552 0.0016672818782 0 0 0.000261401931321 0.00373860886683 0 0.000467311457089 0 0.00624065489365 0 0.000784579517921 0 0.0024212864502 0.0014710578885 0 0 0.00265454399971 0 0 0.00332736813163 0 0.00734805473407 0 0.00167299663644 0 0.00714385601248 0 0 0.0074837010129 0 0.00518846302215 0 0 0.0038201823167 0 0.00346441765152 0 0.00195599253428 0.000559719702913 0 0.00131575857699 0 0.00228900204958 0 0.00160288077274 0 0.00114860987733 0 0.000729079782719 0 0.00103998035121 0 0.000292071158518 0.000371434802568 0 9.57446573824e-05 0 0 0 0 0 0 0 0 0 0 0 0 0 0 0
0 0 0 0 0 0 0 0 0 0 0 0 0 0 0 0 2.57862384199e-05 0 0.000177726403951 0.000109709586963 7.11562429644e-06 0 0.000539672041876 0 0.00130579066943 0 0 0.00279751568751 0 0.00187462678045 0 0 0.00305691414044 0 0.00131589967833 0.00109735250721 0.000276846797498 0 0 0.0043033666351 0 0.003768595968 0 0 0 7.49545064519e-05 0.00235467743782 0 0.000565465270854 0 0.00705598184664 0 0 0.0023098375384 0 0 0.00185825494552 0.0016672818782 0 0 0.000261401931321 0.00373860886683 0 0.000467311457089 0 0.00624065489365 0 0.000784579517921 0 0.0024212864502 0.0014710578885 0 0 0.00265454399971 0 0 0.00332736813163 0 0.00734805473407 0 0.00167299663644 0 0.00714385601248 0 0 0.0074837010129 0 0.00518846302215 0 0 0.0038201823167 0 0.00346441765152 0 0.00195599253428 0.000559719702913 0 0.00131575857699 0 0.00228900204958 0 0.00160288077274 0 0.00114860987733 0 0.000729079782719 0 0.00103998035121 0 0.000292071158518 0.000371434802568 0 9.57446573824e-05 0 0 0 0 0 0 0 0 0 0 0 0 0 0 0
0 0 0 0 0 0 0 0 0 0 0 0 0 0 0 0 2.57862384199e-05 0 0.000177726403951 0.000109709586963 7.11562429644e-06 0 0.000539672041876 0 0.00130579066943 0 0 0.00279751568751 0 0.00187462678045 0 0 0.00305691414044 0 0.00131589967833 0.00109735250721 0.000276846797498 0 0 0.0043033666351 0 0.003768595968 0 0 0 7.49545064519e-05 0.00235467743782 0 0.000565465270854 0 0.00705598184664 0 0 0.0023098375384 0 0 0.00185825494552 0.0016672818782 0 0 0.000261401931321 0.00373860886683 0 0.000467311457089 0 0.00624065489365 0 0.000784579517921 0 0.0024212864502 0.0014710578885 0 0 0.00265454399971 0 0 0.00332736813163 0 0.00734805473407 0 0.00167299663644 0 0.00714385601248 0 0 0.0074837010129 0 0.00518846302215 0 0 0.0038201823167 0 0.00346441765152 0 0.00195599253428 0.000559719702913 0 0.00131575857699 0 0.00228900204958 0 0.00160288077274 0 0.00114860987733 0 0.000729079782719 0 0.00103998035121 0 0.000292071158518 0.000371434802568 0 9.57446573824e-05 0 0 0 0 0 0 0 0 0 0 0 0 0 0 0
0 0 0 0 0 0 0 0 0 0 0 0 0 0 0 0 2.57862384199e-05 0 0.000177726403951 0.000109709586963 7.11562429644e-06 0 0.000539672041876 0 0.00130579066943 0 0 0.00279751568751 0 0.00187462678045 0 0 0.00305691414044 0 0.00131589967833 0.00109735250721 0.000276846797498 0 0 0.0043033666351 0 0.003768595968 0 0 0 7.49545064519e-05 0.00235467743782 0 0.000565465270854 0 0.00705598184664 0 0 0.0023098375384 0 0 0.00185825494552 0.0016672818782 0 0 0.000261401931321 0.00373860886683 0 0.000467311457089 0 0.00624065489365 0 0.000784579517921 0 0.0024212864502 0.0014710578885 0 0 0.00265454399971 0 0 0.00332736813163 0 0.00734805473407 0 0.00167299663644 0 0.00714385601248 0 0 0.0074837010129 0 0.00518846302215 0 0 0.0038201823167 0 0.00346441765152 0 0.00195599253428 0.000559719702913 0 0.00131575857699 0 0.00228900204958 0 0.00160288077274 0 0.00114860987733 0 0.000729079782719 0 0.00103998035121 0 0.000292071158518 0.000371434802568 0 9.57446573824e-05 0 0 0 0 0 0 0 0 0 0 0 0 0 0 0
0 0 0 0 0 0 0 0 0 0 0 0 0 0 0 0 2.57862384199e-05 0 0.000177726403951 0.000109709586963 7.11562429644e-06 0 0.000539672041876 0 0.00130579066943 0 0 0.00279751568751 0 0.00187462678045 0 0 0.00305691414044 0 0.00131589967833 0.00109735250721 0.000276846797498 0 0 0.0043033666351 0 0.003768595968 0 0 0 7.49545064519e-05 0.00235467743782 0 0.000565465270854 0 0.00705598184664 0 0 0.0023098375384 0 0 0.00185825494552 0.0016672818782 0 0 0.000261401931321 0.00373860886683 0 0.000467311457089 0 0.00624065489365 0 0.000784579517921 0 0.0024212864502 0.0014710578885 0 0 0.00265454399971 0 0 0.00332736813163 0 0.00734805473407 0 0.00167299663644 0 0.00714385601248 0 0 0.0074837010129 0 0.00518846302215 0 0 0.0038201823167 0 0.00346441765152 0 0.00195599253428 0.000559719702913 0 0.00131575857699 0 0.00228900204958 0 0.00160288077274 0 0.00114860987733 0 0.000729079782719 0 0.00103998035121 0 0.000292071158518 0.000371434802568 0 9.57446573824e-05 0 0 0 0 0 0 0 0 0 0 0 0 0 0 0
0 0 0 0 0 0 0 0 0 0 0 0 0 0 0 0 2.57862384199e-05 0 0.000177726403951 0.000109709586963 7.11562429644e-06 0 0.000539672041876 0 0.00130579066943 0 0 0.00279751568751 0 0.00187462678045 0 0 0.00305691414044 0 0.00131589967833 0.00109735250721 0.000276846797498 0 0 0.0043033666351 0 0.003768595968 0 0 0 7.49545064519e-05 0.00235467743782 0 0.000565465270854 0 0.00705598184664 0 0 0.0023098375384 0 0 0.00185825494552 0.0016672818782 0 0 0.000261401931321 0.00373860886683 0 0.000467311457089 0 0.00624065489365 0 0.000784579517921 0 0.0024212864502 0.0014710578885 0 0 0.00265454399971 0 0 0.00332736813163 0 0.00734805473407 0 0.00167299663644 0 0.00714385601248 0 0 0.0074837010129 0 0.00518846302215 0 0 0.0038201823167 0 0.00346441765152 0 0.00195599253428 0.000559719702913 0 0.00131575857699 0 0.00228900204958 0 0.00160288077274 0 0.00114860987733 0 0.000729079782719 0 0.00103998035121 0 0.000292071158518 0.000371434802568 0 9.57446573824e-05 0 0 0 0 0 0 0 0 0 0 0 0 0 0 0
0 0 0 0 0 0 0 0 0 0 0 0 0 0 0 0 2.57862384199e-05 0 0.000177726403951 0.000109709586963 7.11562429644e-06 0 0.000539672041876 0 0.00130579066943 0 0 0.00279751568751 0 0.00187462678045 0 0 0.00305691414044 0 0.00131589967833 0.00109735250721 0.000276846797498 0 0 0.0043033666351 0 0.003768595968 0 0 0 7.49545064519e-05 0.00235467743782 0 0.000565465270854 0 0.00705598184664 0 0 0.0023098375384 0 0 0.00185825494552 0.0016672818782 0 0 0.000261401931321 0.00373860886683 0 0.000467311457089 0 0.00624065489365 0 0.000784579517921 0 0.0024212864502 0.0014710578885 0 0 0.00265454399971 0 0 0.00332736813163 0 0.00734805473407 0 0.00167299663644 0 0.00714385601248 0 0 0.0074837010129 0 0.00518846302215 0 0 0.0038201823167 0 0.00346441765152 0 0.00195599253428 0.000559719702913 0 0.00131575857699 0 0.00228900204958 0 0.00160288077274 0 0.00114860987733 0 0.000729079782719 0 0.00103998035121 0 0.000292071158518 0.000371434802568 0 9.57446573824e-05 0 0 0 0 0 0 0 0 0 0 0 0 0 0 0
0 0 0 0 0 0 0 0 0 0 0 0 0 0 0 0 2.57862384199e-05 0 0.000177726403951 0.000109709586963 7.11562429644e-06 0 0.000539672041876 0 0.00130579066943 0 0 0.00279751568751 0 0.00187462678045 0 0 0.00305691414044 0 0.00131589967833 0.00109735250721 0.000276846797498 0 0 0.0043033666351 0 0.003768595968 0 0 0 7.49545064519e-05 0.00235467743782 0 0.000565465270854 0 0.00705598184664 0 0 0.0023098375384 0 0 0.00185825494552 0.0016672818782 0 0 0.000261401931321 0.00373860886683 0 0.000467311457089 0 0.00624065489365 0 0.000784579517921 0 0.0024212864502 0.0014710578885 0 0 0.00265454399971 0 0 0.00332736813163 0 0.00734805473407 0 0.00167299663644 0 0.00714385601248 0 0 0.0074837010129 0 0.00518846302215 0 0 0.0038201823167 0 0.00346441765152 0 0.00195599253428 0.000559719702913 0 0.00131575857699 0 0.00228900204958 0 0.00160288077274 0 0.00114860987733 0 0.000729079782719 0 0.00103998035121 0 0.000292071158518 0.000371434802568 0 9.57446573824e-05 0 0 0 0 0 0 0 0 0 0 0 0 0 0 0
0 0 0 0 0 0 0 0 0 0 0 0 0 0 0 0 2.57862384199e-05 0 0.000177726403951 0.000109709586963 7.11562429644e-06 0 0.000539672041876 0 0.00130579066943 0 0 0.00279751568751 0 0.00187462678045 0 0 0.00305691414044 0 0.00131589967833 0.00109735250721 0.000276846797498 0 0 0.0043033666351 0 0.003768595968 0 0 0 7.49545064519e-05 0.00235467743782 0 0.000565465270854 0 0.00705598184664 0 0 0.0023098375384 0 0 0.00185825494552 0.0016672818782 0 0 0.000261401931321 0.00373860886683 0 0.000467311457089 0 0.00624065489365 0 0.000784579517921 0 0.0024212864502 0.0014710578885 0 0 0.00265454399971 0 0 0.00332736813163 0 0.00734805473407 0 0.00167299663644 0 0.00714385601248 0 0 0.0074837010129 0 0.00518846302215 0 0 0.0038201823167 0 0.00346441765152 0 0.00195599253428 0.000559719702913 0 0.00131575857699 0 0.00228900204958 0 0.00160288077274 0 0.00114860987733 0 0.000729079782719 0 0.00103998035121 0 0.000292071158518 0.000371434802568 0 9.57446573824e-05 0 0 0 0 0 0 0 0 0 0 0 0 0 0 0
0 0 0 0 0 0 0 0 0 0 0 0 0 0 0 0 2.57862384199e-05 0 0.000177726403951 0.000109709586963 7.11562429644e-06 0 0.000539672041876 0 0.00130579066943 0 0 0.00279751568751 0 0.00187462678045 0 0 0.00305691414044 0 0.00131589967833 0.00109735250721 0.000276846797498 0 0 0.0043033666351 0 0.003768595968 0 0 0 7.49545064519e-05 0.00235467743782 0 0.000565465270854 0 0.00705598184664 0 0 0.0023098375384 0 0 0.00185825494552 0.0016672818782 0 0 0.000261401931321 0.00373860886683 0 0.000467311457089 0 0.00624065489365 0 0.000784579517921 0 0.0024212864502 0.0014710578885 0 0 0.00265454399971 0 0 0.00332736813163 0 0.00734805473407 0 0.00167299663644 0 0.00714385601248 0 0 0.0074837010129 0 0.00518846302215 0 0 0.0038201823167 0 0.00346441765152 0 0.00195599253428 0.000559719702913 0 0.00131575857699 0 0.00228900204958 0 0.00160288077274 0 0.00114860987733 0 0.000729079782719 0 0.00103998035121 0 0.000292071158518 0.000371434802568 0 9.57446573824e-05 0 0 0 0 0 0 0 0 0 0 0 0 0 0 0
0 0 0 0 0 0 0 0 0 0 0 0 0 0 0 0 2.57862384199e-05 0 0.000177726403951 0.000109709586963 7.11562429644e-06 0 0.000539672041876 0 0.00130579066943 0 0 0.00279751568751 0 0.00187462678045 0 0 0.00305691414044 0 0.00131589967833 0.00109735250721 0.000276846797498 0 0 0.0043033666351 0 0.003768595968 0 0 0 7.49545064519e-05 0.00235467743782 0 0.000565465270854 0 0.00705598184664 0 0 0.0023098375384 0 0 0.00185825494552 0.0016672818782 0 0 0.000261401931321 0.00373860886683 0 0.000467311457089 0 0.00624065489365 0 0.000784579517921 0 0.0024212864502 0.0014710578885 0 0 0.00265454399971 0 0 0.00332736813163 0 0.00734805473407 0 0.00167299663644 0 0.00714385601248 0 0 0.0074837010129 0 0.00518846302215 0 0 0.0038201823167 0 0.00346441765152 0 0.00195599253428 0.000559719702913 0 0.00131575857699 0 0.00228900204958 0 0.00160288077274 0 0.00114860987733 0 0.000729079782719 0 0.00103998035121 0 0.000292071158518 0.000371434802568 0 9.57446573824e-05 0 0 0 0 0 0 0 0 0 0 0 0 0 0 0
0 0 0 0 0 0 0 0 0 0 0 0 0 0 0 0 2.57862384199e-05 0 0.000177726403951 0.000109709586963 7.11562429644e-06 0 0.000539672041876 0 0.00130579066943 0 0 0.00279751568751 0 0.00187462678045 0 0 0.00305691414044 0 0.00131589967833 0.00109735250721 0.000276846797498 0 0 0.0043033666351 0 0.003768595968 0 0 0 7.49545064519e-05 0.00235467743782 0 0.000565465270854 0 0.00705598184664 0 0 0.0023098375384 0 0 0.00185825494552 0.0016672818782 0 0 0.000261401931321 0.00373860886683 0 0.000467311457089 0 0.00624065489365 0 0.000784579517921 0 0.0024212864502 0.0014710578885 0 0 0.00265454399971 0 0 0.00332736813163 0 0.00734805473407 0 0.00167299663644 0 0.00714385601248 0 0 0.0074837010129 0 0.00518846302215 0 0 0.0038201823167 0 0.00346441765152 0 0.00195599253428 0.000559719702913 0 0.00131575857699 0 0.00228900204958 0 0.00160288077274 0 0.00114860987733 0 0.000729079782719 0 0.00103998035121 0 0.000292071158518 0.000371434802568 0 9.57446573824e-05 0 0 0 0 0 0 0 0 0 0 0 0 0 0 0
