0 0 0 0 0 0 0 0 0 0 0 0 0 0 0 0 0 0 0 0 0 0 0 0 0 0 0 0 0 0 0 0 0 0 0 0 0 0 0 0 0 0 0 0 0 0 0 0 0 0 0 0 0 0 0 0 0 0 0 0 0 0 0 0 0 0 0 0 0 0 0 0 0 0 0 0 0 0 0 0 0 0 0 0 0 0 0 0 0 0 0 0 0 0 0 0 0 0 0 0 0 0 0 0 0 0 0 0 0 0 0 0 0 0 0 0 0 0 0 0 0 0 0 0 0 0 0 0
0 0 0 0 0 0 0 0 0 0 0 0 0 0 0 0 0 0 0 0 0 0 0 0 0 0 0 0 0 0 0 0 0 0 0 0 0 0 0 0 0 0 0 0 0 0 0 0 0 0 0 0 0 0 0 0 0 0 0 0 0 0 0 0 0 0 0 0 0 0 0 0 0 0 0 0 0 0 0 0 0 0 0 0 0 0 0 0 0 0 0 0 0 0 0 0 0 0 0 0 0 0 0 0 0 0 0 0 0 0 0 0 0 0 0 0 0 0 0 0 0 0 0 0 0 0 0 0
0 0 0 0 0 0 0 0 0 0 0 0 0 0 0 0 0 0 0 0 0 0 0 0 0 0 0 0 0 0 0 0 0 0 0 0 0 0 0 0 0 0 0 0 0 0 0 0 0 0 0 0 0 0 0 0 0 0 0 0 0 0 0 0 0 0 0 0 0 0 0 0 0 0 0 0 0 0 0 0 0 0 0 0 0 0 0 0 0 0 0 0 0 0 0 0 0 0 0 0 0 0 0 0 0 0 0 0 0 0 0 0 0 0 0 0 0 0 0 0 0 0 0 0 0 0 0 0
0 0 0 0 0 0 0 0 0 0 0 0 0 0 0 0 0 0 0 0 0 0 0 0 0 0 0 0 0 0 0 0 0 0 0 0 0 0 0 0 0 0 0 0 0 0 0 0 0 0 0 0 0 0 0 0 0 0 0 0 0 0 0 0 0 0 0 0 0 0 0 0 0 0 0 0 0 0 0 0 0 0 0 0 0 0 0 0 0 0 0 0 0 0 0 0 0 0 0 0 0 0 0 0 0 0 0 0 0 0 0 0 0 0 0 0 0 0 0 0 0 0 0 0 0 0 0 0
0 0 0 0 0 0 0 0 0 0 0 0 0 0 0 0 0 0 0 0 0 0 0 0 0 0 0 0 0 0 0 0 0 0 0 0 0 0 0 0 0 0 0 0 0 0 0 0 0 0 0 0 0 0 0 0 0 0 0 0 0 0 0 0 0 0 0 0 0 0 0 0 0 0 0 0 0 0 0 0 0 0 0 0 0 0 0 0 0 0 0 0 0 0 0 0 0 0 0 0 0 0 0 0 0 0 0 0 0 0 0 0 0 0 0 0 0 0 0 0 0 0 0 0 0 0 0 0
0 0 0 0 0 0 0 0 0 0 0 0 0 0 0 0 0 0 0 0 0 0 0 0 0 0 0 0 0 0 0 0 0 0 0 0 0 0 0 0 0 0 0 0 0 0 0 0 0 0 0 0 0 0 0 0 0 0 0 0 0 0 0 0 0 0 0 0 0 0 0 0 0 0 0 0 0 0 0 0 0 0 0 0 0 0 0 0 0 0 0 0 0 0 0 0 0 0 0 0 0 0 0 0 0 0 0 0 0 0 0 0 0 0 0 0 0 0 0 0 0 0 0 0 0 0 0 0
0 0 0 0 0 0 0 0 0 0 0 0 0 0 0 0 0 0 0 0 0 0 0 0 0 0 0 0 0 0 0 0 0 0 0 0 0 0 0 0 0 0 0 0 0 0 0 0 0 0 0 0 0 0 0 0 0 0 0 0 0 0 0 0 0 0 0 0 0 0 0 0 0 0 0 0 0 0 0 0 0 0 0 0 0 0 0 0 0 0 0 0 0 0 0 0 0 0 0 0 0 0 0 0 0 0 0 0 0 0 0 0 0 0 0 0 0 0 0 0 0 0 0 0 0 0 0 0
0 0 0 0 0 0 0 0 0 0 0 0 0 0 0 0 0 0 0 0 0 0 0 0 0 0 0 0 0 0 0 0 0 0 0 0 0 0 0 0 0 0 0 0 0 0 0 0 0 0 0 0 0 0 0 0 0 0 0 0 0 0 0 0 0 0 0 0 0 0 0 0 0 0 0 0 0 0 0 0 0 0 0 0 0 0 0 0 0 0 0 0 0 0 0 0 0 0 0 0 0 0 0 0 0 0 0 0 0 0 0 0 0 0 0 0 0 0 0 0 0 0 0 0 0 0 0 0
0 0 0 0 0 0 0 0 0 0 0 0 0 0 0 0 0 0 0 0 0 0 0 0 0 0 0 0 0 0 0 0 0 0 0 0 0 0 0 0 0 0 0 0 0 0 0 0 0 0 0 0 0 0 0 0 0 0 0 0 0 0 0 0 0 0 0 0 0 0 0 0 0 0 0 0 0 0 0 0 0 0 0 0 0 0 0 0 0 0 0 0 0 0 0 0 0 0 0 0 0 0 0 0 0 0 0 0 0 0 0 0 0 0 0 0 0 0 0 0 0 0 0 0 0 0 0 0
0 0 0 0 0 0 0 0 0 0 0 0 0 0 0 0 0 0 0 0 0 0 0 0 0 0 0 0 0 0 0 0 0 0 0 0 0 0 0 0 0 0 0 0 0 0 0 0 0 0 0 0 0 0 0 0 0 0 0 0 0 0 0 0 0 0 0 0 0 0 0 0 0 0 0 0 0 0 0 0 0 0 0 0 0 0 0 0 0 0 0 0 0 0 0 0 0 0 0 0 0 0 0 0 0 0 0 0 0 0 0 0 0 0 0 0 0 0 0 0 0 0 0 0 0 0 0 0
0 0 0 0 0 0 0 0 0 0 0 0 0 0 0 0 0 0 0 0 0 0 0 0 0 0 0 0 0 0 0 0 0 0 0 0 0 0 0 0 0 0 0 0 0 0 0 0 0 0 0 0 0 0 0 0 0 0 0 0 0 0 0 0 0 0 0 0 0 0 0 0 0 0 0 0 0 0 0 0 0 0 0 0 0 0 0 0 0 0 0 0 0 0 0 0 0 0 0 0 0 0 0 0 0 0 0 0 0 0 0 0 0 0 0 0 0 0 0 0 0 0 0 0 0 0 0 0
0 0 0 0 0 0 0 0 0 0 0 0 0 0 0 0 0 0 0 0 0 0 0 0 0 0 0 0 0 0 0 0 0 0 0 0 0 0 0 0 0 0 0 0 0 0 0 0 0 0 0 0 0 0 0 0 0 0 0 0 0 0 0 0 0 0 0 0 0 0 0 0 0 0 0 0 0 0 0 0 0 0 0 0 0 0 0 0 0 0 0 0 0 0 0 0 0 0 0 0 0 0 0 0 0 0 0 0 0 0 0 0 0 0 0 0 0 0 0 0 0 0 0 0 0 0 0 0
0 0 0 0 0 0 0 0 0 0 0 0 0 0 0 0 0 0 0 0 0 0 0 0 0 0 0 0 0 0 0 0 0 0 0 0 0 0 0 0 0 0 0 0 0 0 0 0 0 0 0 0 0 0 0 0 0 0 0 0 0 0 0 0 0 0 0 0 0 0 0 0 0 0 0 0 0 0 0 0 0 0 0 0 0 0 0 0 0 0 0 0 0 0 0 0 0 0 0 0 0 0 0 0 0 0 0 0 0 0 0 0 0 0 0 0 0 0 0 0 0 0 0 0 0 0 0 0
0 0 0 0 0 0 0 0 0 0 0 0 0 0 0 0 0 0 0 0 0 0 0 0 0 0 0 0 0 0 0 0 0 0 0 0 0 0 0 0 0 0 0 0 0 0 0 0 0 0 0 0 0 0 0 0 0 0 0 0 0 0 0 0 0 0 0 0 0 0 0 0 0 0 0 0 0 0 0 0 0 0 0 0 0 0 0 0 0 0 0 0 0 0 0 0 0 0 0 0 0 0 0 0 0 0 0 0 0 0 0 0 0 0 0 0 0 0 0 0 0 0 0 0 0 0 0 0
0 0 0 0 0 0 0 0 0 0 0 0 0 0 0 0 0 0 0 0 0 0 0 0 0 0 0 0 0 0 0 0 0 0 0 0 0 0 0 0 0 0 0 0 0 0 0 0 0 0 0 0 0 0 0 0 0 0 0 0 0 0 0 0 0 0 0 0 0 0 0 0 0 0 0 0 0 0 0 0 0 0 0 0 0 0 0 0 0 0 0 0 0 0 0 0 0 0 0 0 0 0 0 0 0 0 0 0 0 0 0 0 0 0 0 0 0 0 0 0 0 0 0 0 0 0 0 0
0 0 0 0 0 0 0 0 0 0 0 0 0 0 0 0 0 0 0 0 0 0 0 0 0 0 0 0 0 0 0 0 0 0 0 0 0 0 0 0 0 0 0 0 0 0 0 0 0 0 0 0 0 0 0 0 0 0 0 0 0 0 0 0 0 0 0 0 0 0 0 0 0 0 0 0 0 0 0 0 0 0 0 0 0 0 0 0 0 0 0 0 0 0 0 0 0 0 0 0 0 0 0 0 0 0 0 0 0 0 0 0 0 0 0 0 0 0 0 0 0 0 0 0 0 0 0 0
0 0 0 0 0 0 0 0 0 0 0 0 0 0 0 0 0 0 0 0 0 0 0 0 0 0 0 0 0 0 0 0 0 0 0 0 0 0 0 0 0 0 0 0 0 0 0 0 0 0 0 0 0 0 0 0 0 0 0 0 0 0 0 0 0 0 0 0 0 0 0 0 0 0 0 0 0 0 0 0 0 0 0 0 0 0 0 0 0 0 0 0 0 0 0 0 0 0 0 0 0 0 0 0 0 0 0 0 0 0 0 0 0 0 0 0 0 0 0 0 0 0 0 0 0 0 0 0
0 0 0 0 0 0 0 0 0 0 0 0 0 0 0 0 0 0 0 0 0 0 0 0 0 0 0 0 0 0 0 0 0 0 0 0 0 0 0 0 0 0 0 0 0 0 0 0 0 0 0 0 0 0 0 0 0 0 0 0 0 0 0 0 0 0 0 0 0 0 0 0 0 0 0 0 0 0 0 0 0 0 0 0 0 0 0 0 0 0 0 0 0 0 0 0 0 0 0 0 0 0 0 0 0 0 0 0 0 0 0 0 0 0 0 0 0 0 0 0 0 0 0 0 0 0 0 0
0 0 0 0 0 0 0 0 0 0 0 0 0 0 0 0 0 0 0 0 0 0 0 0 0 0 0 0 0 0 0 0 0 0 0 0 0 0 0 0 0 0 0 0 0 0 0 0 0 0 0 0 0 0 0 0 0 0 0 0 0 0 0 0 0 0 0 0 0 0 0 0 0 0 0 0 0 0 0 0 0 0 0 0 0 0 0 0 0 0 0 0 0 0 0 0 0 0 0 0 0 0 0 0 0 0 0 0 0 0 0 0 0 0 0 0 0 0 0 0 0 0 0 0 0 0 0 0
0 0 0 0 0 0 0 0 0 0 0 0 0 0 0 0 0 0 0 0 0 0 0 0 0 0 0 0 0 0 0 0 0 0 0 0 0 0 0 0 0 0 0 0 0 0 0 0 0 0 0 0 0 0 0 0 0 0 0 0 0 0 0 0 0 0 0 0 0 0 0 0 0 0 0 0 0 0 0 0 0 0 0 0 0 0 0 0 0 0 0 0 0 0 0 0 0 0 0 0 0 0 0 0 0 0 0 0 0 0 0 0 0 0 0 0 0 0 0 0 0 0 0 0 0 0 0 0
0 0 0 0 0 0 0 0 0 0 0 0 0 0 0 0 0 0 0 0 0 0 0 0 0 0 0 0 0 0 0 0 0 0 0 0 0 0 0 0 0 0 0 0 0 0 0 0 0 0 0 0 0 0 0 0 0 0 0 0 0 0 0 0 0 0 0 0 0 0 0 0 0 0 0 0 0 0 0 0 0 0 0 0 0 0 0 0 0 0 0 0 0 0 0 0 0 0 0 0 0 0 0 0 0 0 0 0 0 0 0 0 0 0 0 0 0 0 0 0 0 0 0 0 0 0 0 0
0 0 0 0 0 0 0 0 0 0 0 0 0 0 0 0 0 0 0 0 0 0 0 0 0 0 0 0 0 0 0 0 0 0 0 0 0 0 0 0 0 0 0 0 0 0 0 0 0 0 0 0 0 0 0 0 0 0 0 0 0 0 0 0 0 0 0 0 0 0 0 0 0 0 0 0 0 0 0 0 0 0 0 0 0 0 0 0 0 0 0 0 0 0 0 0 0 0 0 0 0 0 0 0 0 0 0 0 0 0 0 0 0 0 0 0 0 0 0 0 0 0 0 0 0 0 0 0
0 0 0 0 0 0 0 0 0 0 0 0 0 0 0 0 0 0 0 0 0 0 0 0 0 0 0 0 0 0 0 0 0 0 0 0 0 0 0 0 0 0 0 0 0 0 0 0 0 0 0 0 0 0 0 0 0 0 0 0 0 0 0 0 0 0 0 0 0 0 0 0 0 0 0 0 0 0 0 0 0 0 0 0 0 0 0 0 0 0 0 0 0 0 0 0 0 0 0 0 0 0 0 0 0 0 0 0 0 0 0 0 0 0 0 0 0 0 0 0 0 0 0 0 0 0 0 0
0 0 0 0 0 0 0 0 0 0 0 0 0 0 0 0 0 0 0 0 0 0 0 0 0 0 0 0 0 0 0 0 0 0 0 0 0 0 0 0 0 0 0 0 0 0 0 0 0 0 0 0 6.34192454127e-05 0.0165539325281 0.0739760161989 0.13702099777 0.19617480311 0.251686052804 0.300675489117 0.344250146509 0.379274486009 0.346404863308 0.175270661571 0.19153778217 0.188093149755 0.188340149654 0.168208012671 0.337249197554 0.366686456988 0.330661313304 0.285433004038 0.236665619343 0.182331632748 0.125527723615 0.066965628533 0.014726154857 5.45615926301e-05 0 0 0 0 0 0 0 0 0 0 0 0 0 0 0 0 0 0 0 0 0 0 0 0 0 0 0 0 0 0 0 0 0 0 0 0 0 0 0 0 0 0 0 0 0 0 0 0 0 0 0
0 0 0 0 0 0 0 0 0 0 0 0 0 0 0 0 0 0 0 0 0 0 0 0 0 0 0 0 0 0 0 0 0 0 0 0 0 0 0 0 0 0 0 0 0 0 0.000640434895706 0.0439224865803 0.157601730853 0.283119175837 0.353785743859 0.294209646843 0.234694370949 0.279209060163 0.207757623639 0.120766777856 0.149543950182 -0.0781582488812 -0.0617816544916 -0.0485071366185 -0.0411433455565 -0.0318708924111 -0.0340788582708 -0.0237620248076 -0.0336064259664 -0.0254322615613 -0.0380462366582 -0.0376164915217 -0.0503243180152 -0.0605659728793 -0.0787285896495 -0.100427191552 0.120768823482 0.0827627105788 0.161001937049 0.220366350229 0.175950491121 0.239287270856 0.305316170925 0.245518691255 0.133172192038 0.0361927476852 0.000479505350093 0 0 0 0 0 0 0 0 0 0 0 0 0 0 0 0 0 0 0 0 0 0 0 0 0 0 0 0 0 0 0 0 0 0 0 0 0 0 0 0 0 0 0 0 0
0 0 0 0 0 0 0 0 0 0 0 0 0 0 0 0 0 0 0 0 0 0 0 0 0 0 0 0 0 0 0 0 0 0 0 0 0 0 0 0 0 0 0.00446591852876 0.0952537849201 0.265570201565 0.334046268108 0.286975695534 0.253822081944 0.141754176152 0.00340707145433 -0.0228931021731 -0.00862609115861 -0.00114656692644 -4.04202660862e-05 0 0 0 0 -0.000306922808452 0 -0.000903991436044 0 -0.00354649806005 0 -0.00474339913782 0 -0.00354316538227 0 -0.000888669912934 0 -0.000303199442298 0 0 0 0 -0.000921745767755 -0.00868570287456 -0.0266613540575 -0.0555020972336 -0.0458464033722 0.0711694791837 0.161961171983 0.193842935455 0.257408983117 0.215380298888 0.0735921379509 0.00296885915036 3.34910051081e-16 3.34910051081e-16 3.34910051081e-16 3.34910051081e-16 3.34910051081e-16 3.34910051081e-16 3.34910051081e-16 3.34910051081e-16 3.34910051081e-16 3.34910051081e-16 3.34910051081e-16 3.34910051081e-16 3.34910051081e-16 3.34910051081e-16 3.34910051081e-16 3.34910051081e-16 3.34910051081e-16 3.34910051081e-16 3.34910051081e-16 3.34910051081e-16 3.34910051081e-16 3.34910051081e-16 3.34910051081e-16 3.34910051081e-16 3.34910051081e-16 3.34910051081e-16 3.34910051081e-16 3.34910051081e-16 3.34910051081e-16 3.34910051081e-16 3.34910051081e-16 3.34910051081e-16 3.34910051081e-16 3.34910051081e-16 3.34910051081e-16 3.34910051081e-16 3.34910051081e-16 3.34910051081e-16 3.34910051081e-16 3.34910051081e-16 3.34910051081e-16
0 0 0 0 0 0 0 0 0 0 0 0 0 0 0 0 0 0 0 0 0 0 0 0 0 0 0 0 0 0 0 0 0 0 0 0 0 0 0 0.0237272781342 0.188196767166 0.367954034925 0.31095403189 0.244140397802 0.0618494502472 -0.015476044577 0 -0.00193155193673 -0.00129151766407 -0.000488727828318 0 -0.000651101209543 -0.000623727056398 -0.00036842203893 -0.000260574526114 -0.000172055786521 -0.000125735042032 -7.12470407267e-05 -0.000634924581295 0 -0.00123199320889 0 -0.00387449983289 0 -0.00507140091067 0 -0.00387116715511 0 -0.00121667168578 0 -0.000631201215142 -7.37108450948e-05 -0.0001298987491 -0.000181916137939 -0.000275743063656 -0.000390631851246 -0.000664425230515 -0.000394081271288 0 -0.000945752909207 -0.0013961685461 -0.00321693293919 -0.013839214905 -0.0607494777669 -0.0129810453658 0.130460591739 0.184799612978 0.276665882865 0.138220477646 0.0159827550026 0 0 0 0 0 0 0 0 0 0 0 0 0 0 0 0 0 0 0 0 0 0 0 0 0 0 0 0 0 0 0 0 0 0 0 0 0 0
0 0 0 0 0 0 0 0 0 0 0 0 0 0 0 0 0 0 0 0 0 0 0 0 0 0 0 0 0 0 0 0 0 0 0 0 0.0105233175771 0.166831417503 0.330007369284 0.329583952686 0.101763510456 -0.0170224040003 -0.0036001192999 0 -0.00367537420887 0 0 -0.00184996522667 -0.00120993095401 -0.000407141118259 0 -0.000569514499485 -0.00054214034634 -0.000286835328871 -0.000178987816055 -9.04690764622e-05 -4.41483319731e-05 0 -0.000553337871237 0 -0.00115040649883 0 -0.00379291312283 0 -0.00498981420061 0 -0.00378958044505 0 -0.00113508497572 0 -0.000549614505083 0 -4.83120390411e-05 -0.000100329427881 -0.000194156353597 -0.000309045141188 -0.000582838520457 -0.000312494561229 0 -0.000864166199148 -0.00131458183604 -0.0020120921838 0 -0.000404878359801 -0.00396512888976 0 -0.0262887370822 -0.0790137871982 -0.0176748864702 0.168271963856 0.215093478548 0.11258647411 0.00585576935692 0 0 0 0 0 0 0 0 0 0 0 0 0 0 0 0 0 0 0 0 0 0 0 0 0 0 0 0 0 0 0 0 0 0 0
0 0 0 0 0 0 0 0 0 0 0 0 0 0 0 0 0 0 0 0 0 0 0 0 0 0 0 0 0 0 0 0 0 0 0.0463126575593 0.314484832246 0.305984439541 0.160421176122 -0.0165720409534 0 -0.00439261306601 0 -0.0033494551545 0 -0.00402901532561 0 0 -0.0022036063434 -0.00156357207075 -0.000760782234994 0 -0.000923155616219 -0.000895781463074 -0.000640476445605 -0.000532628932789 -0.000444110193196 -0.000397789448707 -0.000343301447402 -0.000906978987971 0 -0.00150404761556 0 -0.00414655423956 0 -0.00534345531734 0 -0.00414322156179 0 -0.00148872609245 0 -0.000903255621817 -0.00034576525177 -0.000401953155775 -0.000453970544615 -0.000547797470331 -0.000662686257922 -0.000936479637191 -0.000666135677963 0 -0.00121780731588 -0.00166822295278 -0.00236573330054 0 -0.000758519476535 -0.00431877000649 0 -0.00616310123102 0 -0.00426161904053 -0.0160641690592 -0.089016014825 0.0674348318157 0.187536812955 0.209062397613 0.0263764410189 0 0 0 0 0 0 0 0 0 0 0 0 0 0 0 0 0 0 0 0 0 0 0 0 0 0 0 0 0 0 0 0 0
0 0 0 0 0 0 0 0 0 0 0 0 0 0 0 0 0 0 0 0 0 0 0 0 0 0 0 0 0 0 0 0 0.0607312227627 0.326556911652 0.290764735663 0.0882554596434 -0.000296297849351 -0.000479599145666 -0.00114094064314 0 -0.0036375830464 0 -0.00259442513489 0 -0.00327398530599 0 0 -0.00144857632379 -0.000808542051136 -5.75221538179e-06 0 -0.000168125596607 -0.000140751443462 0 0 0 0 0 -0.000151948968359 0 -0.000749017595951 0 -0.00339152421995 0 -0.00458842529773 0 -0.00338819154218 0 -0.000733696072842 0 -0.000148225602206 0 0 0 0 0 -0.000181449617579 0 0 -0.000462777296271 -0.000913192933166 -0.00161070328092 0 -3.48945692297e-06 -0.00356373998688 0 -0.00540807121141 0 -0.00344741273355 0 0 -0.00185772275778 -0.0421028995316 -0.0503219015246 0.137369484999 0.182687802856 0.0314568886734 0.000507563036122 0.000507563036122 0.000507563036122 0.000507563036122 0.000507563036122 0.000507563036122 0.000507563036122 0.000507563036122 0.000507563036122 0.000507563036122 0.000507563036122 0.000507563036122 0.000507563036122 0.000507563036122 0.000507563036122 0.000507563036122 0.000507563036122 0.000507563036122 0.000507563036122 0.000507563036122 0.000507563036122 0.000507563036122 0.000507563036122 0.000507563036122 0.000507563036122 0.000507563036122 0.000507563036122 0.000507563036122 0.000507563036122 0.000507563036122 0.000507563036122
0 0 0 0 0 0 0 0 0 0 0 0 0 0 0 0 0 0 0 0 0 0 0 0 0 0 0 0 0 0 0.0351584913218 0.289969835827 0.309234424358 0.0390990894872 -0.000166322451284 0 0 -0.000820404148663 -0.00148174564613 0 -0.0039783880494 0 -0.00293523013789 0 -0.00361479030899 0 0 -0.00178938132679 -0.00114934705413 -0.000346557218379 0 -0.000508930599604 -0.000481556446459 -0.000226251428991 -0.000118403916174 -2.98851765816e-05 0 0 -0.000492753971356 0 -0.00108982259895 0 -0.00373232922295 0 -0.00492923030073 0 -0.00372899654517 0 -0.00107450107584 0 -0.000489030605203 0 0 -3.97455280001e-05 -0.000133572453717 -0.000248461241307 -0.000522254620576 -0.000251910661349 0 -0.000803582299268 -0.00125399793616 -0.00195150828392 0 -0.00034429445992 -0.00390454498988 0 -0.00574887621441 0 -0.00378821773655 0 0 -0.000969125270478 -0.000407507838097 -0.000693160967042 -0.025672517895 -0.101729548489 0.0568063082842 0.203530549237 0.0135737936085 0 0 0 0 0 0 0 0 0 0 0 0 0 0 0 0 0 0 0 0 0 0 0 0 0 0 0 0 0
0 0 0 0 0 0 0 0 0 0 0 0 0 0 0 0 0 0 0 0 0 0 0 0 0 0 0 0 0.00335376126132 0.208516482906 0.40441774058 0.0951664373777 0 -0.00248730190483 -0.000753537569668 -0.000245518531049 -0.000352955273578 -0.00140761926705 -0.00206896076452 0 -0.00456560316778 0 -0.00352244525627 0 -0.00420200542738 0 0 -0.00237659644517 -0.00173656217252 -0.000933772336762 0 -0.00109614571799 -0.00106877156484 -0.000813466547374 -0.000705619034558 -0.000617100294965 -0.000570779550476 -0.000516291549171 -0.00107996908974 0 -0.00167703771733 0 -0.00431954434133 0 -0.00551644541911 0 -0.00431621166356 0 -0.00166171619422 0 -0.00107624572359 -0.000518755353539 -0.000574943257544 -0.000626960646384 -0.0007207875721 -0.000835676359691 -0.00110946973896 -0.000839125779732 0 -0.00139079741765 -0.00184121305455 -0.0025387234023 0 -0.000931509578304 -0.00449176010826 0 -0.00633609133279 0 -0.00437543285493 -0.000235737470548 0 -0.00155634038886 -0.00099472295648 -0.00118607358215 0 -0.000651547209645 -0.0360398207485 -0.0859465691584 0.192335221787 0.0973199354438 0.000213881099178 0 0 0 0 0 0 0 0 0 0 0 0 0 0 0 0 0 0 0 0 0 0 0 0 0 0 0
0 0 0 0 0 0 0 0 0 0 0 0 0 0 0 0 0 0 0 0 0 0 0 0 0 0 0 0.0444671336458 0.347044784322 0.174540642278 0 -0.000753364764445 0 -0.00072409906039 0 0 0 0 -0.000305757920072 0 -0.00280240032334 0 -0.00175924241183 0 -0.00243880258293 0 0 -0.000613393600725 0 0 0 0 0 0 0 0 0 0 0 0 0 0 -0.00255634149689 0 -0.00375324257467 0 -0.00255300881911 0 0 0 0 0 0 0 0 0 0 0 0 0 -7.80102101025e-05 -0.000775520557859 0 0 -0.00272855726382 0 -0.00457288848834 0 -0.00261223001048 0 0 0 0 0 0 0 -0.000698667047508 0 -0.0770117386147 -0.0439815407753 0.170083395023 0.0135433968376 4.73579508942e-16 4.73579508942e-16 4.73579508942e-16 4.73579508942e-16 4.73579508942e-16 4.73579508942e-16 4.73579508942e-16 4.73579508942e-16 4.73579508942e-16 4.73579508942e-16 4.73579508942e-16 4.73579508942e-16 4.73579508942e-16 4.73579508942e-16 4.73579508942e-16 4.73579508942e-16 4.73579508942e-16 4.73579508942e-16 4.73579508942e-16 4.73579508942e-16 4.73579508942e-16 4.73579508942e-16 4.73579508942e-16 4.73579508942e-16 4.73579508942e-16 4.73579508942e-16
0 0 0 0 0 0 0 0 0 0 0 0 0 0 0 0 0 0 0 0 0 0 0 0 0 0 0.121515318997 0.38280739819 0.0481940195343 -0.00055852633758 -0.00084985024158 -0.00272600665758 0 -0.00269674095353 -0.00096297661836 -0.000454957579741 -0.00056239432227 -0.00161705831574 -0.00227839981321 0 -0.00477504221647 0 -0.00373188430496 0 -0.00441144447607 0 0 -0.00258603549386 -0.00194600122121 -0.00114321138545 0 -0.00130558476668 -0.00127821061353 -0.00102290559607 -0.00091505808325 -0.000826539343657 -0.000780218599168 -0.000725730597863 -0.00128940813843 -5.62174158223e-05 -0.00188647676602 0 -0.00452898339002 0 -0.0057258844678 0 -0.00452565071225 0 -0.00187115524291 -6.84938377864e-05 -0.00128568477228 -0.000728194402231 -0.000784382306236 -0.000836399695075 -0.000930226620792 -0.00104511540838 -0.00131890878765 -0.00104856482842 0 -0.00160023646634 -0.00205065210324 -0.002748162451 0 -0.001140948627 -0.00470119915695 0 -0.00654553038148 0 -0.00458487190362 -0.000445176519239 0 -0.00176577943755 -0.00120416200517 -0.00139551263084 0 -0.000791640398221 -0.00267130894064 0 -0.00133675092939 -0.0180733055312 -0.102484599421 0.170889024817 0.040184654346 0 0 0 0 0 0 0 0 0 0 0 0 0 0 0 0 0 0 0 0 0 0 0 0 0
0 0 0 0 0 0 0 0 0 0 0 0 0 0 0 0 0 0 0 0 0 0 0 0 0.000330246301463 0.199018976408 0.31920324995 0 -0.00205152560988 -0.000564481001877 -0.000855804905876 -0.00273196132188 0 -0.00270269561782 -0.000968931282656 -0.000460912244037 -0.000568348986566 -0.00162301298003 -0.0022843544775 0 -0.00478099688077 0 -0.00373783896926 0 -0.00441739914036 0 0 -0.00259199015816 -0.0019519558855 -0.00114916604975 0 -0.00131153943098 -0.00128416527783 -0.00102886026036 -0.000921012747546 -0.000832494007953 -0.000786173263464 -0.000731685262159 -0.00129536280273 -6.21720801185e-05 -0.00189243143032 0 -0.00453493805432 0 -0.0057318391321 0 -0.00453160537654 0 -0.00187710990721 -7.44485020826e-05 -0.00129163943657 -0.000734149066527 -0.000790336970532 -0.000842354359371 -0.000936181285088 -0.00105107007268 -0.00132486345195 -0.00105451949272 0 -0.00160619113064 -0.00205660676753 -0.00275411711529 0 -0.00114690329129 -0.00470715382125 0 -0.00655148504578 0 -0.00459082656792 -0.000451131183535 0 -0.00177173410185 -0.00121011666947 -0.00140146729514 0 -0.000797595062517 -0.00267726360494 0 -0.00134270559368 0 -0.00580061003533 -0.147683748628 0.0606596158146 0.0619141159939 5.55111512313e-17 5.55111512313e-17 5.55111512313e-17 5.55111512313e-17 5.55111512313e-17 5.55111512313e-17 5.55111512313e-17 5.55111512313e-17 5.55111512313e-17 5.55111512313e-17 5.55111512313e-17 5.55111512313e-17 5.55111512313e-17 5.55111512313e-17 5.55111512313e-17 5.55111512313e-17 5.55111512313e-17 5.55111512313e-17 5.55111512313e-17 5.55111512313e-17 5.55111512313e-17 5.55111512313e-17 5.55111512313e-17 5.55111512313e-17
0 0 0 0 0 0 0 0 0 0 0 0 0 0 0 0 0 0 0 0 0 0 0 0.00054179245749 0.236495409584 0.252887700127 0 0 0 0 0 -0.00046810195121 0 -0.000438836247155 0 0 0 0 -2.04951068373e-05 0 -0.0025171375101 0 -0.00147397959859 0 -0.0021535397697 0 0 -0.00032813078749 0 0 0 0 0 0 0 0 0 0 0 0 0 0 -0.00227107868365 0 -0.00346797976143 0 -0.00226774600588 0 0 0 0 0 0 0 0 0 0 0 0 0 0 -0.000490257744625 0 0 -0.00244329445058 0 -0.00428762567511 0 -0.00232696719725 0 0 0 0 0 0 0 -0.000413404234274 0 0 0 -0.000102653965431 0 -0.10924627828 0.0874197520884 0.0656319037794 1.2490009027e-16 1.2490009027e-16 1.2490009027e-16 1.2490009027e-16 1.2490009027e-16 1.2490009027e-16 1.2490009027e-16 1.2490009027e-16 1.2490009027e-16 1.2490009027e-16 1.2490009027e-16 1.2490009027e-16 1.2490009027e-16 1.2490009027e-16 1.2490009027e-16 1.2490009027e-16 1.2490009027e-16 1.2490009027e-16 1.2490009027e-16 1.2490009027e-16 1.2490009027e-16 1.2490009027e-16 1.2490009027e-16
0 0 0 0 0 0 0 0 0 0 0 0 0 0 0 0 0 0 0 0 0 0 0 0.213268141787 0.256684497509 -0.00113647130548 -0.00212067559348 0 -0.00221342666904 -0.000726382061037 -0.00101770596504 -0.00289386238104 0 -0.00286459667698 -0.00113083234182 -0.000622813303197 -0.000730250045726 -0.0017849140392 -0.00244625553666 0 -0.00494289793993 0 -0.00389974002842 0 -0.00457930019952 0 0 -0.00275389121732 -0.00211385694467 -0.00131106710891 0 -0.00147344049014 -0.00144606633699 -0.00119076131952 -0.00108291380671 -0.000994395067113 -0.000948074322624 -0.000893586321319 -0.00145726386189 -0.000224073139279 -0.00205433248948 0 -0.00469683911348 0 -0.00589374019126 0 -0.0046935064357 0 -0.00203901096637 -0.000236349561243 -0.00145354049573 -0.000896050125687 -0.000952238029692 -0.00100425541853 -0.00109808234425 -0.00121297113184 -0.00148676451111 -0.00121642055188 0 -0.0017680921898 -0.0022185078267 -0.00291601817445 0 -0.00130880435045 -0.00486905488041 0 -0.00671338610494 0 -0.00475272762708 -0.000613032242696 0 -0.00193363516101 -0.00137201772863 -0.0015633683543 -7.32968903101e-05 -0.000959496121677 -0.0028391646641 0 -0.00150460665285 0 -0.00252841439526 -0.000624826581335 -0.00144329706904 -0.106634037406 0.0587176807774 0.0481021786826 0 0 0 0 0 0 0 0 0 0 0 0 0 0 0 0 0 0 0 0 0 0
0 0 0 0 0 0 0 0 0 0 0 0 0 0 0 0 0 0 0 0 0 0 0.143716417672 0.278265864028 0 0 -0.000923587735704 0 -0.00101633881126 0 0 -0.00169677452326 0 -0.0016675088192 0 0 0 -0.000587826181417 -0.00124916767889 0 -0.00374581008215 0 -0.00270265217064 0 -0.00338221234175 0 0 -0.00155680335954 -0.000916769086887 -0.000113979251132 0 -0.000276352632358 -0.000248978479213 0 0 0 0 0 -0.00026017600411 0 -0.000857244631702 0 -0.0034997512557 0 -0.00469665233348 0 -0.00349641857793 0 -0.000841923108593 0 -0.000256452637956 0 0 0 0 -1.58832740609e-05 -0.00028967665333 -1.93326941025e-05 0 -0.000571004332022 -0.00102141996892 -0.00171893031667 0 -0.000111716492674 -0.00367196702263 0 -0.00551629824716 0 -0.0035556397693 0 0 -0.000736547303232 -0.00017492987085 -0.000366280496519 0 0 -0.00164207680632 0 -0.000307518795067 0 -0.00133132653748 0 -0.000246209211258 -0.000254562390229 -0.136667127617 0.0426568223669 0.0225802161538 1.28369537222e-16 1.28369537222e-16 1.28369537222e-16 1.28369537222e-16 1.28369537222e-16 1.28369537222e-16 1.28369537222e-16 1.28369537222e-16 1.28369537222e-16 1.28369537222e-16 1.28369537222e-16 1.28369537222e-16 1.28369537222e-16 1.28369537222e-16 1.28369537222e-16 1.28369537222e-16 1.28369537222e-16 1.28369537222e-16 1.28369537222e-16 1.28369537222e-16 1.28369537222e-16
0 0 0 0 0 0 0 0 0 0 0 0 0 0 0 0 0 0 0 0 0 0.0602236315426 0.356713879385 -0.00110542252025 0 -0.000487618256593 -0.00147182254459 0 -0.00156457362015 -7.75290121485e-05 -0.000368852916148 -0.00224500933215 0 -0.00221574362809 -0.000481979292928 0 -8.13969968377e-05 -0.00113606099031 -0.00179740248778 0 -0.00429404489104 0 -0.00325088697953 0 -0.00393044715063 0 0 -0.00210503816843 -0.00146500389578 -0.000662214060022 0 -0.000824587441247 -0.000797213288102 -0.000541908270634 -0.000434060757818 -0.000345542018225 -0.000299221273736 -0.000244733272431 -0.000808410812999 0 -0.00140547944059 0 -0.00404798606459 0 -0.00524488714237 0 -0.00404465338682 0 -0.00139015791748 0 -0.000804687446846 -0.000247197076799 -0.000303384980804 -0.000355402369643 -0.00044922929536 -0.00056411808295 -0.000837911462219 -0.000567567502992 0 -0.00111923914091 -0.00156965477781 -0.00226716512556 0 -0.000659951301563 -0.00422020183152 0 -0.00606453305605 0 -0.00410387457819 0 0 -0.00128478211212 -0.00072316467974 -0.000914515305408 0 -0.000310643072789 -0.00219031161521 0 -0.000855753603956 0 -0.00187956134637 0 -0.000794444020147 -0.000649426005335 -0.000920463446786 -0.157402658728 0.114358346395 0.00409351729441 0 0 0 0 0 0 0 0 0 0 0 0 0 0 0 0 0 0 0 0
0 0 0 0 0 0 0 0 0 0 0 0 0 0 0 0 0 0 0 0 0.00776980102997 0.399200841655 0.0534388071922 -0.00162176043299 -0.000691852351209 -0.00143256067476 -0.00241676496276 0 -0.00250951603832 -0.00102247143032 -0.00131379533432 -0.00318995175032 0 -0.00316068604627 -0.0014269217111 -0.00091890267248 -0.00102633941501 -0.00208100340848 -0.00274234490595 0 -0.00523898730921 0 -0.0041958293977 0 -0.00487538956881 0 0 -0.0030499805866 -0.00240994631395 -0.00160715647819 0 -0.00176952985942 -0.00174215570627 -0.00148685068881 -0.00137900317599 -0.0012904844364 -0.00124416369191 -0.0011896756906 -0.00175335323117 -0.000520162508562 -0.00235042185876 0 -0.00499292848276 0 -0.00618982956054 0 -0.00498959580499 0 -0.00233510033565 -0.000532438930526 -0.00174962986502 -0.00119213949497 -0.00124832739898 -0.00130034478781 -0.00139417171353 -0.00150906050112 -0.00178285388039 -0.00151250992116 0 -0.00206418155908 -0.00251459719598 -0.00321210754374 0 -0.00160489371973 -0.00516514424969 0 -0.00700947547422 0 -0.00504881699636 -0.000909121611979 0 -0.00222972453029 -0.00166810709791 -0.00185945772358 -0.000369386259593 -0.00125558549096 -0.00313525403338 0 -0.00180069602213 0 -0.00282450376454 -0.000920915950618 -0.00173938643832 -0.00159436842351 -0.000599589796344 -0.0118120970609 -0.186864122347 0.115209751322 1.08246744901e-15 1.08246744901e-15 1.08246744901e-15 1.08246744901e-15 1.08246744901e-15 1.08246744901e-15 1.08246744901e-15 1.08246744901e-15 1.08246744901e-15 1.08246744901e-15 1.08246744901e-15 1.08246744901e-15 1.08246744901e-15 1.08246744901e-15 1.08246744901e-15 1.08246744901e-15 1.08246744901e-15 1.08246744901e-15 1.08246744901e-15 1.08246744901e-15
0 0 0 0 0 0 0 0 0 0 0 0 0 0 0 0 0 0 0 0 0.256427375668 0.195318499697 0 0 0 0 0 0 0 0 0 0 0 0 0 0 0 0 0 0 -0.00117867659791 0 -0.000135518686397 0 -0.000815078857499 0 0 0 0 0 0 0 0 0 0 0 0 0 0 0 0 0 -0.000932617771458 0 -0.00212951884924 0 -0.000929285093681 0 0 0 0 0 0 0 0 0 0 0 0 0 0 0 0 0 -0.00110483353839 0 -0.00294916476291 0 -0.000988506285053 0 0 0 0 0 0 0 0 0 0 0 0 0 0 0 0 0 -0.0565133946323 -0.0893595472052 0.0275240308452 0 0 0 0 0 0 0 0 0 0 0 0 0 0 0 0 0 0 0
0 0 0 0 0 0 0 0 0 0 0 0 0 0 0 0 0 0 0 0.0476487872063 0.323954454453 -0.00240872697478 -0.0014784510799 -0.00216919076346 -0.00123928268168 -0.00197999100523 -0.00296419529323 0 -0.00305694636879 -0.00156990176079 -0.00186122566479 -0.00373738208079 0 -0.00370811637674 -0.00197435204157 -0.00146633300295 -0.00157376974548 -0.00262843373895 -0.00328977523642 0 -0.00578641763968 0 -0.00474325972817 0 -0.00542281989928 -0.000450719186784 0 -0.00359741091707 -0.00295737664442 -0.00215458680866 0 -0.00231696018989 -0.00228958603674 -0.00203428101928 -0.00192643350646 -0.00183791476687 -0.00179159402238 -0.00173710602107 -0.00230078356164 -0.00106759283903 -0.00289785218923 0 -0.00554035881323 0 -0.00673725989101 0 -0.00553702613546 0 -0.00288253066612 -0.001079869261 -0.00229706019549 -0.00173956982544 -0.00179575772945 -0.00184777511828 -0.001941602044 -0.00205649083159 -0.00233028421086 -0.00205994025163 0 -0.00261161188955 -0.00306202752645 -0.00375953787421 0 -0.0021523240502 -0.00571257458016 0 -0.00755690580469 0 -0.00559624732683 -0.00145655194245 0 -0.00277715486076 -0.00221553742838 -0.00240688805405 -0.000916816590063 -0.00180301582143 -0.00368268436385 0 -0.0023481263526 0 -0.00337193409501 -0.00146834628109 -0.00228681676879 -0.00214179875398 -0.00114702012681 -0.00174297106015 -0.00209377488391 -0.161947008992 0.0641052742596 0.000375315035649 0 0 0 0 0 0 0 0 0 0 0 0 0 0 0 0 0 0
0 0 0 0 0 0 0 0 0 0 0 0 0 0 0 0 0 0 0 0.326016307767 0.0413531743104 -0.00154230101017 -0.000685089788839 -0.00137582947239 -0.000445921390617 -0.00118662971417 -0.00217083400217 0 -0.00226358507773 -0.000776540469728 -0.00106786437373 -0.00294402078973 0 -0.00291475508567 -0.00118099075051 -0.000672971711888 -0.000780408454417 -0.00183507244789 -0.00249641394536 0 -0.00499305634862 0 -0.00394989843711 0 -0.00462945860821 0 0 -0.00280404962601 -0.00216401535336 -0.0013612255176 0 -0.00152359889883 -0.00149622474568 -0.00124091972821 -0.0011330722154 -0.0010445534758 -0.000998232731315 -0.00094374473001 -0.00150742227058 -0.00027423154797 -0.00210449089817 0 -0.00474699752217 0 -0.00594389859995 0 -0.0047436648444 0 -0.00208916937506 -0.000286507969934 -0.00150369890443 -0.000946208534379 -0.00100239643838 -0.00105441382722 -0.00114824075294 -0.00126312954053 -0.0015369229198 -0.00126657896057 0 -0.00181825059849 -0.00226866623539 -0.00296617658314 0 -0.00135896275914 -0.0049192132891 0 -0.00676354451363 0 -0.00480288603577 -0.000663190651387 0 -0.0019837935697 -0.00142217613732 -0.00161352676299 -0.000123455299001 -0.00100965453037 -0.00288932307279 0 -0.00155476506154 0 -0.00257857280395 -0.000674984990026 -0.00149345547773 -0.00134843746291 -0.000353658835752 -0.000949609769084 -0.0012881576802 -0.0210941245336 -0.1466347557 0.0407888004951 5.82867087928e-16 5.82867087928e-16 5.82867087928e-16 5.82867087928e-16 5.82867087928e-16 5.82867087928e-16 5.82867087928e-16 5.82867087928e-16 5.82867087928e-16 5.82867087928e-16 5.82867087928e-16 5.82867087928e-16 5.82867087928e-16 5.82867087928e-16 5.82867087928e-16 5.82867087928e-16 5.82867087928e-16 5.82867087928e-16
0 0 0 0 0 0 0 0 0 0 0 0 0 0 0 0 0 0 0.0641122177075 0.317338924395 0 0 0 0 0 0 -0.000405382362075 0 -0.00049813343763 0 0 -0.00117856914963 0 -0.00114930344558 0 0 0 -6.96208077884e-05 -0.000730962305258 0 -0.00322760470852 0 -0.00218444679701 0 -0.00286400696812 0 0 -0.00103859798591 -0.000398563713258 0 0 0 0 0 0 0 0 0 0 0 -0.000339039258073 0 -0.00298154588207 0 -0.00417844695985 0 -0.0029782132043 0 -0.000323717734964 0 0 0 0 0 0 0 0 0 0 -5.27989583928e-05 -0.000503214595288 -0.00120072494305 0 0 -0.003153761649 0 -0.00499809287353 0 -0.00303743439567 0 0 -0.000218341929603 0 0 0 0 -0.00112387143269 0 0 0 -0.000813121163852 0 0 0 0 0 0 0 -0.200159351108 0.0615150812413 2.11127215362e-05 0 0 0 0 0 0 0 0 0 0 0 0 0 0 0 0 0
0 0 0 0 0 0 0 0 0 0 0 0 0 0 0 0 0 0 0.311775540371 0.0386193385658 0 0 0 0 0 0 -0.000589251068839 0 -0.000682002144394 0 0 -0.00136243785639 0 -0.00133317215234 0 0 0 -0.000253489514552 -0.000914831012022 0 -0.00341147341529 0 -0.00236831550378 0 -0.00304787567488 0 0 -0.00122246669268 -0.000582432420022 0 0 0 0 0 0 0 0 0 0 0 -0.000522907964837 0 -0.00316541458884 0 -0.00436231566662 0 -0.00316208191106 0 -0.000507586441728 0 0 0 0 0 0 0 0 0 0 -0.000236667665157 -0.000687083302052 -0.00138459364981 0 0 -0.00333763035577 0 -0.00518196158029 0 -0.00322130310243 0 0 -0.000402210636367 0 -3.19438296541e-05 0 0 -0.00130774013946 0 0 0 -0.000996989870616 0 0 0 0 0 0 0 -0.0204889119975 -0.197974193616 0.0238703775844 1.04083408559e-16 1.04083408559e-16 1.04083408559e-16 1.04083408559e-16 1.04083408559e-16 1.04083408559e-16 1.04083408559e-16 1.04083408559e-16 1.04083408559e-16 1.04083408559e-16 1.04083408559e-16 1.04083408559e-16 1.04083408559e-16 1.04083408559e-16 1.04083408559e-16 1.04083408559e-16 1.04083408559e-16
0 0 0 0 0 0 0 0 0 0 0 0 0 0 0 0 0 0.0249410343263 0.375990560889 -0.00107979410647 -0.000106193110915 -0.00130812207092 -0.000450910849582 -0.00114165053314 -0.00021174245136 -0.000952450774915 -0.00193665506292 0 -0.00202940613847 -0.000542361530471 -0.00083368543447 -0.00270984185047 0 -0.00268057614642 -0.00094681181125 -0.000438792772631 -0.00054622951516 -0.00160089350863 -0.0022622350061 0 -0.00475887740936 0 -0.00371571949785 0 -0.00439527966896 0 0 -0.00256987068675 -0.0019298364141 -0.00112704657834 0 -0.00128941995957 -0.00126204580642 -0.00100674078896 -0.00089889327614 -0.000810374536547 -0.000764053792058 -0.000709565790753 -0.00127324333132 -4.00526087125e-05 -0.00187031195891 0 -0.00451281858292 0 -0.00570971966069 0 -0.00450948590514 0 -0.0018549904358 -5.23290306766e-05 -0.00126951996517 -0.000712029595121 -0.000768217499126 -0.000820234887966 -0.000914061813682 -0.00102895060127 -0.00130274398054 -0.00103240002131 0 -0.00158407165923 -0.00203448729613 -0.00273199764389 0 -0.00112478381989 -0.00468503434984 0 -0.00652936557437 0 -0.00456870709651 -0.00042901171213 0 -0.00174961463044 -0.00118799719806 -0.00137934782373 0 -0.000775475591111 -0.00265514413353 0 -0.00132058612228 0 -0.00234439386469 -0.000440806050769 -0.00125927653847 -0.00111425852366 -0.000119479896495 -0.000715430829827 -0.00105397874094 -7.74227310629e-05 -0.00142342656316 -0.223359338909 0.055509750191 2.22044604925e-16 2.22044604925e-16 2.22044604925e-16 2.22044604925e-16 2.22044604925e-16 2.22044604925e-16 2.22044604925e-16 2.22044604925e-16 2.22044604925e-16 2.22044604925e-16 2.22044604925e-16 2.22044604925e-16 2.22044604925e-16 2.22044604925e-16 2.22044604925e-16 2.22044604925e-16 2.22044604925e-16
0 0 0 0 0 0 0 0 0 0 0 0 0 0 0 0 0 0.229394543553 0.126749038832 0 0 0 0 0 0 0 0 0 0 0 0 -0.000510493850862 0 -0.000481228146807 0 0 0 0 -6.28870064887e-05 0 -0.00255952940975 0 -0.00151637149824 0 -0.00219593166935 0 0 -0.000370522687142 0 0 0 0 0 0 0 0 0 0 0 0 0 0 -0.00231347058331 0 -0.00351037166108 0 -0.00231013790553 0 0 0 0 0 0 0 0 0 0 0 0 0 0 -0.000532649644276 0 0 -0.00248568635023 0 -0.00433001757476 0 -0.0023693590969 0 0 0 0 0 0 0 -0.000455796133925 0 0 0 -0.000145045865083 0 0 0 0 0 0 0 0 -0.0747828067364 -0.102910770577 0.00200289387265 1.390380866e-15 1.390380866e-15 1.390380866e-15 1.390380866e-15 1.390380866e-15 1.390380866e-15 1.390380866e-15 1.390380866e-15 1.390380866e-15 1.390380866e-15 1.390380866e-15 1.390380866e-15 1.390380866e-15 1.390380866e-15 1.390380866e-15 1.390380866e-15
0 0 0 0 0 0 0 0 0 0 0 0 0 0 0 0 0 0.341457690151 -0.00664376342077 0 0 -0.000216381484249 0 -4.99099464718e-05 0 0 -0.00084491447625 0 -0.000937665551805 0 0 -0.00161810126381 0 -0.00158883555975 0 0 0 -0.000509152921963 -0.00117049441943 0 -0.0036671368227 0 -0.00262397891119 0 -0.00330353908229 0 0 -0.00147813010009 -0.000838095827433 -3.53059916787e-05 0 -0.000197679372904 -0.000170305219759 0 0 0 0 0 -0.000181502744656 0 -0.000778571372248 0 -0.00342107799625 0 -0.00461797907403 0 -0.00341774531847 0 -0.000763249849139 0 -0.000177779378502 0 0 0 0 0 -0.000211003393876 0 0 -0.000492331072568 -0.000942746709463 -0.00164025705722 0 -3.30432332198e-05 -0.00359329376318 0 -0.00543762498771 0 -0.00347696650985 0 0 -0.000657874043778 -9.62566113966e-05 -0.000287607237065 0 0 -0.00156340354687 0 -0.000228845535613 0 -0.00125265327803 0 -0.000167535951804 -2.25179369917e-05 0 0 0 0 -0.000331685976496 -0.000894044887715 -0.190986992927 0.0335820403996 0 0 0 0 0 0 0 0 0 0 0 0 0 0 0 0
0 0 0 0 0 0 0 0 0 0 0 0 0 0 0 0 0.0402181013322 0.239161131388 -0.000419619893728 -0.00127362061906 -0.000300019623505 -0.0015019485835 -0.000644737362172 -0.00133547704573 -0.00040556896395 -0.0011462772875 -0.00213048157551 0 -0.00222323265106 -0.000736188043061 -0.00102751194706 -0.00290366836306 0 -0.00287440265901 -0.00114063832384 -0.000632619285221 -0.00074005602775 -0.00179472002122 -0.00245606151869 0 -0.00495270392195 0 -0.00390954601044 0 -0.00458910618155 0 0 -0.00276369719934 -0.00212366292669 -0.00132087309093 0 -0.00148324647216 -0.00145587231901 -0.00120056730155 -0.00109271978873 -0.00100420104914 -0.000957880304648 -0.000903392303343 -0.00146706984391 -0.000233879121302 -0.0020641384715 0 -0.00470664509551 0 -0.00590354617328 0 -0.00470331241773 0 -0.00204881694839 -0.000246155543266 -0.00146334647776 -0.000905856107711 -0.000962044011716 -0.00101406140056 -0.00110788832627 -0.00122277711386 -0.00149657049313 -0.0012262265339 0 -0.00177789817182 -0.00222831380872 -0.00292582415648 0 -0.00131861033248 -0.00487886086243 0 -0.00672319208696 0 -0.0047625336091 -0.000622838224719 0 -0.00194344114303 -0.00138182371065 -0.00157317433632 -8.31028723336e-05 -0.000969302103701 -0.00284897064612 0 -0.00151441263487 0 -0.00253822037728 -0.000634632563358 -0.00145310305106 -0.00130808503625 -0.000313306409085 -0.000909257342417 -0.00124780525353 -0.000271249243653 -0.00161725307575 -0.000774806774517 -0.280196722839 0.106076881571 1.22124532709e-15 1.22124532709e-15 1.22124532709e-15 1.22124532709e-15 1.22124532709e-15 1.22124532709e-15 1.22124532709e-15 1.22124532709e-15 1.22124532709e-15 1.22124532709e-15 1.22124532709e-15 1.22124532709e-15 1.22124532709e-15 1.22124532709e-15 1.22124532709e-15 1.22124532709e-15
0 0 0 0 0 0 0 0 0 0 0 0 0 0 0 0 0.208762610915 0.108779280239 -0.00149563932128 -0.00234964004662 -0.00137603905106 -0.00257796801106 -0.00172075678973 -0.00241149647328 -0.00148158839151 -0.00222229671506 -0.00320650100306 0 -0.00329925207862 -0.00181220747062 -0.00210353137462 -0.00397968779062 0 -0.00395042208656 -0.0022166577514 -0.00170863871278 -0.00181607545531 -0.00287073944878 -0.00353208094624 0 -0.00602872334951 0 -0.004985565438 0 -0.0056651256091 -0.000693024896611 -0.000108189406655 -0.0038397166269 -0.00319968235425 -0.00239689251849 0 -0.00255926589972 -0.00253189174657 -0.0022765867291 -0.00216873921629 -0.00208022047669 -0.0020338997322 -0.0019794117309 -0.00254308927147 -0.00130989854886 -0.00314015789906 0 -0.00578266452306 0 -0.00697956560084 0 -0.00577933184528 0 -0.00312483637595 -0.00132217497082 -0.00253936590531 -0.00198187553527 -0.00203806343927 -0.00209008082811 -0.00218390775383 -0.00229879654142 -0.00257258992069 -0.00230224596146 0 -0.00285391759938 -0.00330433323628 -0.00400184358403 0 -0.00239462976003 -0.00595488028999 0 -0.00779921151452 0 -0.00583855303666 -0.00169885765228 0 -0.00301946057059 -0.00245784313821 -0.00264919376388 -0.00115912229989 -0.00204532153126 -0.00392499007368 0 -0.00259043206243 0 -0.00361423980484 -0.00171065199092 -0.00252912247862 -0.0023841044638 -0.00138932583664 -0.00198527676997 -0.00232382468109 -0.00134726867121 -0.00269327250331 -0.00185082620207 -0.115505423366 -0.105827914682 1.20462597079e-05 6.79435620179e-16 6.79435620179e-16 6.79435620179e-16 6.79435620179e-16 6.79435620179e-16 6.79435620179e-16 6.79435620179e-16 6.79435620179e-16 6.79435620179e-16 6.79435620179e-16 6.79435620179e-16 6.79435620179e-16 6.79435620179e-16 6.79435620179e-16 6.79435620179e-16
0 0 0 0 0 0 0 0 0 0 0 0 0 0 0 0 0.35763736402 -0.0200374115095 0 0 0 0 0 0 0 0 0 0 0 0 0 0 0 0 0 0 0 0 0 0 -0.00132868826803 0 -0.00028553035652 0 -0.000965090527623 0 0 0 0 0 0 0 0 0 0 0 0 0 0 0 0 0 -0.00108262944158 0 -0.00227953051936 0 -0.0010792967638 0 0 0 0 0 0 0 0 0 0 0 0 0 0 0 0 0 -0.00125484520851 0 -0.00309917643304 0 -0.00113851795518 0 0 0 0 0 0 0 0 0 0 0 0 0 0 0 0 0 0 0 0 0 -0.0109781720496 -0.159616679363 0.00597993999196 0 0 0 0 0 0 0 0 0 0 0 0 0 0 0
0 0 0 0 0 0 0 0 0 0 0 0 0 0 0 0.000296055501382 0.320290630926 -0.00292614524556 -5.36542941232e-05 -0.000907655019456 0 -0.0011359829839 -0.000278771762567 -0.000969511446123 -3.96033643453e-05 -0.000780311687901 -0.0017645159759 0 -0.00185726705146 -0.000370222443456 -0.000661546347456 -0.00253770276346 0 -0.0025084370594 -0.000774672724235 -0.000266653685616 -0.000374090428145 -0.00142875442161 -0.00209009591908 0 -0.00458673832235 0 -0.00354358041084 0 -0.00422314058194 0 0 -0.00239773159974 -0.00175769732708 -0.00095490749133 0 -0.00111728087256 -0.00108990671941 -0.000834601701942 -0.000726754189125 -0.000638235449533 -0.000591914705043 -0.000537426703738 -0.00110110424431 0 -0.0016981728719 0 -0.0043406794959 0 -0.00553758057368 0 -0.00433734681812 0 -0.00168285134879 0 -0.00109738087815 -0.000539890508107 -0.000596078412112 -0.000648095800951 -0.000741922726667 -0.000856811514258 -0.00113060489353 -0.0008602609343 0 -0.00141193257222 -0.00186234820911 -0.00255985855687 0 -0.000952644732871 -0.00451289526283 0 -0.00635722648736 0 -0.0043965680095 -0.000256872625115 0 -0.00157747554343 -0.00101585811105 -0.00120720873672 0 -0.000603336504096 -0.00248300504652 0 -0.00114844703526 0 -0.00217225477768 -0.000268666963754 -0.00108713745145 -0.000942119436643 0 -0.000543291742812 -0.000881839653927 0 -0.00125128747615 -0.000408841174913 -0.00025182784158 -0.235912181937 0.0306087060359 2.27595720048e-15 2.27595720048e-15 2.27595720048e-15 2.27595720048e-15 2.27595720048e-15 2.27595720048e-15 2.27595720048e-15 2.27595720048e-15 2.27595720048e-15 2.27595720048e-15 2.27595720048e-15 2.27595720048e-15 2.27595720048e-15 2.27595720048e-15 2.27595720048e-15
0 0 0 0 0 0 0 0 0 0 0 0 0 0 0 0.0350938230318 0.303226485126 -0.00231746857403 -0.00144694100069 -0.00230094172603 -0.00132734073047 -0.00252926969047 -0.00167205846914 -0.00236279815269 -0.00143289007091 -0.00217359839447 -0.00315780268247 0 -0.00325055375803 -0.00176350915003 -0.00205483305403 -0.00393098947003 0 -0.00390172376597 -0.0021679594308 -0.00165994039219 -0.00176737713471 -0.00282204112818 -0.00348338262565 0 -0.00598002502892 0 -0.00493686711741 0 -0.00561642728851 -0.00064432657602 -5.9491086063e-05 -0.00379101830631 -0.00315098403365 -0.0023481941979 0 -0.00251056757912 -0.00248319342598 -0.00222788840851 -0.00212004089569 -0.0020315221561 -0.00198520141161 -0.00193071341031 -0.00249439095088 -0.00126120022827 -0.00309145957847 0 -0.00573396620247 0 -0.00693086728025 0 -0.00573063352469 0 -0.00307613805536 -0.00127347665023 -0.00249066758472 -0.00193317721468 -0.00198936511868 -0.00204138250752 -0.00213520943324 -0.00225009822083 -0.0025238916001 -0.00225354764087 0 -0.00280521927879 -0.00325563491568 -0.00395314526344 0 -0.00234593143944 -0.0059061819694 0 -0.00775051319393 0 -0.00578985471607 -0.00165015933168 0 -0.00297076225 -0.00240914481762 -0.00260049544329 -0.0011104239793 -0.00199662321067 -0.00387629175309 0 -0.00254173374183 0 -0.00356554148425 -0.00166195367032 -0.00248042415802 -0.00233540614321 -0.00134062751605 -0.00193657844938 -0.0022751263605 -0.00129857035062 -0.00264457418272 -0.00180212788148 -0.00164511454815 -0.276636756526 0.0696787129561 0 0 0 0 0 0 0 0 0 0 0 0 0 0 0
0 0 0 0 0 0 0 0 0 0 0 0 0 0 0 0.14336146929 0.137400179167 0 0 0 0 0 0 0 0 0 0 0 0 0 0 0 0 0 0 0 0 0 0 0 -0.000867887970941 0 0 0 -0.000504290230535 0 0 0 0 0 0 0 0 0 0 0 0 0 0 0 0 0 -0.000621829144493 0 -0.00181873022227 0 -0.000618496466716 0 0 0 0 0 0 0 0 0 0 0 0 0 0 0 0 0 -0.000794044911421 0 -0.00263837613595 0 -0.000677717658088 0 0 0 0 0 0 0 0 0 0 0 0 0 0 0 0 0 0 0 0 0 0 -0.219960728192 -0.00720439570189 2.77555756156e-15 2.77555756156e-15 2.77555756156e-15 2.77555756156e-15 2.77555756156e-15 2.77555756156e-15 2.77555756156e-15 2.77555756156e-15 2.77555756156e-15 2.77555756156e-15 2.77555756156e-15 2.77555756156e-15 2.77555756156e-15 2.77555756156e-15 2.77555756156e-15
0 0 0 0 0 0 0 0 0 0 0 0 0 0 0 0.256099233727 -0.00964046252226 -0.00358549113047 -0.00271496355714 -0.00356896428247 -0.00259536328691 -0.00379729224691 -0.00294008102558 -0.00363082070914 -0.00270091262736 -0.00344162095091 -0.00442582523891 -0.000888681886024 -0.00451857631447 -0.00303153170647 -0.00332285561047 -0.00519901202647 0 -0.00516974632241 -0.00343598198725 -0.00292796294863 -0.00303539969116 -0.00409006368463 -0.0047514051821 0 -0.00724804758536 -0.000613906098342 -0.00620488967385 0 -0.00688444984495 -0.00191234913246 -0.00132751364251 -0.00505904086275 -0.0044190065901 -0.00361621675434 0 -0.00377859013557 -0.00375121598242 -0.00349591096495 -0.00338806345214 -0.00329954471255 -0.00325322396806 -0.00319873596675 -0.00376241350732 -0.00252922278471 -0.00435948213491 -0.000823555862915 -0.00700198875891 0 -0.00819888983669 0 -0.00699865608114 -0.000831991826024 -0.0043441606118 -0.00254149920667 -0.00375869014117 -0.00320119977112 -0.00325738767512 -0.00330940506396 -0.00340323198968 -0.00351812077727 -0.00379191415654 -0.00352157019731 0 -0.00407324183523 -0.00452365747213 -0.00522116781988 0 -0.00361395399588 -0.00717420452584 0 -0.00901853575037 0 -0.00705787727251 -0.00291818188813 -0.000953581168747 -0.00423878480644 -0.00367716737406 -0.00386851799973 -0.00237844653574 -0.00326464576711 -0.00514431430953 -0.00117064067081 -0.00380975629828 -0.00116991219753 -0.00483356404069 -0.00292997622677 -0.00374844671447 -0.00360342869966 -0.00260865007249 -0.00320460100582 -0.00354314891694 -0.00256659290706 -0.00391259673916 -0.00307015043793 -0.00291313710459 -0.134479825426 -0.0817312954592 0 0 0 0 0 0 0 0 0 0 0 0 0 0 0
0 0 0 0 0 0 0 0 0 0 0 0 0 0 0 0.368428981647 -0.0352079279238 0 0 0 0 0 0 0 0 0 0 0 0 0 0 0 0 0 0 0 0 0 0 0 -0.00116832606279 0 -0.000125168151285 0 -0.000804728322388 0 0 0 0 0 0 0 0 0 0 0 0 0 0 0 0 0 -0.000922267236346 0 -0.00211916831412 0 -0.000918934558569 0 0 0 0 0 0 0 0 0 0 0 0 0 0 0 0 0 -0.00109448300327 0 -0.0029388142278 0 -0.000978155749942 0 0 0 0 0 0 0 0 0 0 0 0 0 0 0 0 0 0 0 0 0 0 -0.0599495977505 -0.156896201173 3.33066907388e-16 3.33066907388e-16 3.33066907388e-16 3.33066907388e-16 3.33066907388e-16 3.33066907388e-16 3.33066907388e-16 3.33066907388e-16 3.33066907388e-16 3.33066907388e-16 3.33066907388e-16 3.33066907388e-16 3.33066907388e-16 3.33066907388e-16 3.33066907388e-16
0 0 0 0 0 0 0 0 0 0 0 0 0 0 0 0.216388039821 -0.0205056131485 -0.00186389152869 -0.000993363955359 -0.00184736468069 -0.000873763685136 -0.00207569264514 -0.0012184814238 -0.00190922110736 -0.000979313025581 -0.00172002134914 -0.00270422563714 0 -0.00279697671269 -0.00130993210469 -0.00160125600869 -0.00347741242469 0 -0.00344814672064 -0.00171438238547 -0.00120636334685 -0.00131380008938 -0.00236846408285 -0.00302980558032 0 -0.00552644798358 0 -0.00448329007208 0 -0.00516285024318 -0.000190749530686 0 -0.00333744126097 -0.00269740698832 -0.00189461715257 0 -0.00205699053379 -0.00202961638065 -0.00177431136318 -0.00166646385036 -0.00157794511077 -0.00153162436628 -0.00147713636497 -0.00204081390554 -0.000807623182933 -0.00263788253313 0 -0.00528038915714 0 -0.00647729023491 0 -0.00527705647936 0 -0.00262256101003 -0.000819899604898 -0.00203709053939 -0.00147960016934 -0.00153578807335 -0.00158780546219 -0.0016816323879 -0.00179652117549 -0.00207031455476 -0.00179997059554 0 -0.00235164223345 -0.00280205787035 -0.00349956821811 0 -0.00189235439411 -0.00545260492406 0 -0.00729693614859 0 -0.00533627767073 -0.00119658228635 0 -0.00251718520466 -0.00195556777228 -0.00214691839795 -0.000656846933965 -0.00154304616533 -0.00342271470776 0 -0.0020881566965 0 -0.00311196443891 -0.00120837662499 -0.00202684711269 -0.00188182909788 -0.000887050470716 -0.00148300140405 -0.00182154931516 -0.000844993305284 -0.00219099713738 -0.00134855083615 -0.00119153750282 -0.01429920375 -0.232545750802 0.000313913103856 0 0 0 0 0 0 0 0 0 0 0 0 0 0
0 0 0 0 0 0 0 0 0 0 0 0 0 0 0 0.305104342089 -0.0092428532438 -0.00144374522627 -0.000573217652938 -0.00142721837827 -0.000453617382715 -0.00165554634272 -0.000798335121382 -0.00148907480494 -0.00055916672316 -0.00129987504672 -0.00228407933472 0 -0.00237683041027 -0.000889785802271 -0.00118110970627 -0.00305726612227 0 -0.00302800041822 -0.00129423608305 -0.000786217044431 -0.00089365378696 -0.00194831778043 -0.0026096592779 0 -0.00510630168116 0 -0.00406314376965 0 -0.00474270394076 0 0 -0.00291729495855 -0.0022772606859 -0.00147447085014 0 -0.00163684423137 -0.00160947007822 -0.00135416506076 -0.00124631754794 -0.00115779880835 -0.00111147806386 -0.00105699006255 -0.00162066760312 -0.000387476880513 -0.00221773623071 0 -0.00486024285472 0 -0.00605714393249 0 -0.00485691017694 0 -0.0022024147076 -0.000399753302477 -0.00161694423697 -0.00105945386692 -0.00111564177093 -0.00116765915977 -0.00126148608548 -0.00137637487307 -0.00165016825234 -0.00137982429311 0 -0.00193149593103 -0.00238191156793 -0.00307942191569 0 -0.00147220809169 -0.00503245862164 0 -0.00687678984617 0 -0.00491613136831 -0.00077643598393 0 -0.00209703890224 -0.00153542146986 -0.00172677209553 -0.000236700631544 -0.00112289986291 -0.00300256840533 0 -0.00166801039408 0 -0.00269181813649 -0.000788230322569 -0.00160670081027 -0.00146168279546 -0.000466904168295 -0.00106285510163 -0.00140140301274 -0.000424847002863 -0.00177085083496 -0.000928404533727 -0.000771391200395 -0.00135518687447 -0.167857729299 0.00273375564781 1.09634523682e-15 1.09634523682e-15 1.09634523682e-15 1.09634523682e-15 1.09634523682e-15 1.09634523682e-15 1.09634523682e-15 1.09634523682e-15 1.09634523682e-15 1.09634523682e-15 1.09634523682e-15 1.09634523682e-15 1.09634523682e-15 1.09634523682e-15
0 0 0 0 0 0 0 0 0 0 0 0 0 0 0 0.321324183401 0 0 0 0 0 0 0 0 0 0 0 0 0 0 0 0 0 0 0 0 0 0 0 0 -0.000780163553363 0 0 0 -0.000416565812956 0 0 0 0 0 0 0 0 0 0 0 0 0 0 0 0 0 -0.000534104726915 0 -0.00173100580469 0 -0.000530772049138 0 0 0 0 0 0 0 0 0 0 0 0 0 0 0 0 0 -0.000706320493843 0 -0.00255065171837 0 -0.00058999324051 0 0 0 0 0 0 0 0 0 0 0 0 0 0 0 0 0 0 0 0 0 0 0 -0.297250517281 0.00643486336552 0 0 0 0 0 0 0 0 0 0 0 0 0 0
0 0 0 0 0 0 0 0 0 0 0 0 0 0 0 0.187189807443 -0.00398409200622 -0.00374615459714 -0.0028756270238 -0.00372962774914 -0.00275602675358 -0.00395795571358 -0.00310074449225 -0.0037914841758 -0.00286157609402 -0.00360228441758 -0.00458648870558 -0.00104934535269 -0.00467923978114 -0.00319219517314 -0.00348351907714 -0.00535967549314 0 -0.00533040978908 -0.00359664545391 -0.0030886264153 -0.00319606315782 -0.00425072715129 -0.00491206864876 0 -0.00740871105203 -0.000774569565008 -0.00636555314052 0 -0.00704511331162 -0.00207301259913 -0.00148817710917 -0.00521970432942 -0.00457967005676 -0.00377688022101 -4.24116548035e-05 -0.00393925360223 -0.00391187944909 -0.00365657443162 -0.0035487269188 -0.00346020817921 -0.00341388743472 -0.00335939943342 -0.00392307697399 -0.00268988625138 -0.00452014560158 -0.000984219329581 -0.00716265222558 0 -0.00835955330336 0 -0.0071593195478 -0.000992655292691 -0.00450482407847 -0.00270216267334 -0.00391935360783 -0.00336186323779 -0.00341805114179 -0.00347006853063 -0.00356389545635 -0.00367878424394 -0.00395257762321 -0.00368223366398 0 -0.0042339053019 -0.00468432093879 -0.00538183128655 0 -0.00377461746255 -0.00733486799251 0 -0.00917919921704 0 -0.00721854073918 -0.00307884535479 -0.00111424463541 -0.00439944827311 -0.00383783084073 -0.0040291814664 -0.00253911000241 -0.00342530923378 -0.0053049777762 -0.00133130413748 -0.00397041976494 -0.00133057566419 -0.00499422750736 -0.00309063969343 -0.00390911018113 -0.00376409216632 -0.00276931353916 -0.00336526447249 -0.00370381238361 -0.00272725637373 -0.00407326020583 -0.00323081390459 -0.00307380057126 -0.00365759624533 -0.321075642647 0.00980174294482 4.16333634234e-17 4.16333634234e-17 4.16333634234e-17 4.16333634234e-17 4.16333634234e-17 4.16333634234e-17 4.16333634234e-17 4.16333634234e-17 4.16333634234e-17 4.16333634234e-17 4.16333634234e-17 4.16333634234e-17 4.16333634234e-17 4.16333634234e-17
0 0 0 0 0 0 0 0 0 0 0 0 0 0 2.82438646276e-05 0.235772188182 0 0 0 0 0 0 0 0 0 0 0 0 0 0 0 -0.000659623111112 0 -0.000630357407057 0 0 0 0 -0.000212016266739 0 -0.00270865867 0 -0.00166550075849 0 -0.0023450609296 0 0 -0.000519651947392 0 0 0 0 0 0 0 0 0 0 0 0 0 0 -0.00246259984356 0 -0.00365950092133 0 -0.00245926716578 0 0 0 0 0 0 0 0 0 0 0 0 0 0 -0.000681778904526 0 0 -0.00263481561048 0 -0.00447914683501 0 -0.00251848835715 0 0 0 0 0 0 0 -0.000604925394175 0 0 0 -0.000294175125332 0 0 0 0 0 0 0 0 0 0 0 -0.295618175851 0.0122262973394 9.02056207508e-16 9.02056207508e-16 9.02056207508e-16 9.02056207508e-16 9.02056207508e-16 9.02056207508e-16 9.02056207508e-16 9.02056207508e-16 9.02056207508e-16 9.02056207508e-16 9.02056207508e-16 9.02056207508e-16 9.02056207508e-16 9.02056207508e-16
0 0 0 0 0 0 0 0 0 0 0 0 0 0 0.00418218831905 0.259547824074 0 0 0 0 0 0 0 0 0 0 0 0 0 0 0 -0.000299162159408 0 -0.000269896455353 0 0 0 0 0 0 -0.0023481977183 0 -0.00130503980679 0 -0.00198459997789 0 0 -0.000159190995688 0 0 0 0 0 0 0 0 0 0 0 0 0 0 -0.00210213889185 0 -0.00329903996963 0 -0.00209880621407 0 0 0 0 0 0 0 0 0 0 0 0 0 0 -0.000321317952823 0 0 -0.00227435465878 0 -0.00411868588331 0 -0.00215802740545 0 0 0 0 0 0 0 -0.000244464442471 0 0 0 0 0 0 0 0 0 0 0 0 0 0 0 -0.285857953531 0.0129740442696 0 0 0 0 0 0 0 0 0 0 0 0 0 0
0 0 0 0 0 0 0 0 0 0 0 0 0 0 0.0109618682257 0.259246137486 -0.00258990147951 -0.00295838699773 -0.00208785942439 -0.00294186014973 -0.00196825915417 -0.00317018811417 -0.00231297689284 -0.00300371657639 -0.00207380849462 -0.00281451681817 -0.00379872110617 -0.000261577753283 -0.00389147218173 -0.00240442757373 -0.00269575147773 -0.00457190789373 0 -0.00454264218967 -0.00280887785451 -0.00230085881589 -0.00240829555842 -0.00346295955189 -0.00412430104936 0 -0.00662094345262 0 -0.00557778554111 0 -0.00625734571221 -0.00128524499972 -0.000700409509765 -0.00443193673001 -0.00379190245736 -0.0029891126216 0 -0.00315148600283 -0.00312411184968 -0.00286880683221 -0.0027609593194 -0.0026724405798 -0.00262611983532 -0.00257163183401 -0.00313530937458 -0.00190211865197 -0.00373237800217 -0.000196451730174 -0.00637488462617 0 -0.00757178570395 0 -0.0063715519484 -0.000204887693283 -0.00371705647906 -0.00191439507393 -0.00313158600843 -0.00257409563838 -0.00263028354238 -0.00268230093122 -0.00277612785694 -0.00289101664453 -0.0031648100238 -0.00289446606457 0 -0.00344613770249 -0.00389655333939 -0.00459406368714 0 -0.00298684986314 -0.0065471003931 0 -0.00839143161763 0 -0.00643077313977 -0.00229107775539 -0.000326477036006 -0.0036116806737 -0.00305006324132 -0.00324141386699 -0.001751342403 -0.00263754163437 -0.00451721017679 -0.000543536538069 -0.00318265216554 -0.000542808064787 -0.00420645990795 -0.00230287209403 -0.00312134258173 -0.00297632456691 -0.00198154593975 -0.00257749687308 -0.0029160447842 -0.00193948877432 -0.00328549260642 -0.00244304630518 -0.00228603297185 -0.00286982864593 -0.291199135014 0.0119089438717 4.16333634234e-16 4.16333634234e-16 4.16333634234e-16 4.16333634234e-16 4.16333634234e-16 4.16333634234e-16 4.16333634234e-16 4.16333634234e-16 4.16333634234e-16 4.16333634234e-16 4.16333634234e-16 4.16333634234e-16 4.16333634234e-16 4.16333634234e-16
0 0 0 0 0 0 0 0 0 0 0 0 0 0 0.0107023734384 0.257105631483 -0.000416923749136 -0.000785409267358 0 -0.000768882419358 0 -0.000997210383803 -0.00013999916247 -0.000830738846025 0 -0.000641539087803 -0.0016257433758 0 -0.00171849445136 -0.000231449843358 -0.000522773747358 -0.00239893016336 0 -0.0023696644593 -0.000635900124137 -0.000127881085518 -0.000235317828047 -0.00128998182152 -0.00195132331899 0 -0.00444796572225 0 -0.00340480781074 0 -0.00408436798184 0 0 -0.00225895899964 -0.00161892472699 -0.000816134891232 0 -0.000978508272457 -0.000951134119312 -0.000695829101844 -0.000587981589027 -0.000499462849435 -0.000453142104946 -0.00039865410364 -0.000962331644209 0 -0.0015594002718 0 -0.0042019068958 0 -0.00539880797358 0 -0.00419857421803 0 -0.00154407874869 0 -0.000958608278056 -0.000401117908009 -0.000457305812014 -0.000509323200853 -0.00060315012657 -0.00071803891416 -0.000991832293429 -0.000721488334202 0 -0.00127315997212 -0.00172357560902 -0.00242108595677 0 -0.000813872132773 -0.00437412266273 0 -0.00621845388726 0 -0.0042577954094 -0.000118100025017 0 -0.00143870294333 -0.00087708551095 -0.00106843613662 0 -0.000464563903999 -0.00234423244642 0 -0.00100967443517 0 -0.00203348217758 -0.000129894363656 -0.000948364851357 -0.000803346836545 0 -0.000404519142714 -0.00074306705383 0 -0.00111251487605 -0.000270068574815 -0.000113055241482 -0.000696850915556 -0.308366367249 0.00944042222386 4.16333634234e-17 4.16333634234e-17 4.16333634234e-17 4.16333634234e-17 4.16333634234e-17 4.16333634234e-17 4.16333634234e-17 4.16333634234e-17 4.16333634234e-17 4.16333634234e-17 4.16333634234e-17 4.16333634234e-17 4.16333634234e-17 4.16333634234e-17
0 0 0 0 0 0 0 0 0 0 0 0 0 0 0.00351269812666 0.24885430217 0 0 0 0 0 0 0 0 0 0 0 0 0 0 0 0 0 0 0 0 0 0 0 0 -0.00033393589509 0 0 0 0 0 0 0 0 0 0 0 0 0 0 0 0 0 0 0 0 0 -8.78770686419e-05 0 -0.00128477814642 0 -8.45443908649e-05 0 0 0 0 0 0 0 0 0 0 0 0 0 0 0 0 0 -0.00026009283557 0 -0.0021044240601 0 -0.000143765582237 0 0 0 0 0 0 0 0 0 0 0 0 0 0 0 0 0 0 0 0 0 0 0 -0.338852004422 0.00616661461303 1.38777878078e-16 1.38777878078e-16 1.38777878078e-16 1.38777878078e-16 1.38777878078e-16 1.38777878078e-16 1.38777878078e-16 1.38777878078e-16 1.38777878078e-16 1.38777878078e-16 1.38777878078e-16 1.38777878078e-16 1.38777878078e-16 1.38777878078e-16
0 0 0 0 0 0 0 0 0 0 0 0 0 0 5.13846265369e-05 0.212148778383 -0.00275424569469 -0.00254839294736 -0.00167786537402 -0.00253186609936 -0.0015582651038 -0.0027601940638 -0.00190298284247 -0.00259372252602 -0.00166381444425 -0.0024045227678 -0.0033887270558 0 -0.00348147813136 -0.00199443352336 -0.00228575742736 -0.00416191384336 0 -0.0041326481393 -0.00239888380414 -0.00189086476552 -0.00199830150805 -0.00305296550152 -0.00371430699898 0 -0.00621094940225 0 -0.00516779149074 0 -0.00584735166184 -0.000875250949351 -0.000290415459395 -0.00402194267964 -0.00338190840699 -0.00257911857123 0 -0.00274149195246 -0.00271411779931 -0.00245881278184 -0.00235096526903 -0.00226244652943 -0.00221612578494 -0.00216163778364 -0.00272531532421 -0.0014921246016 -0.0033223839518 0 -0.0059648905758 0 -0.00716179165358 0 -0.00596155789802 0 -0.00330706242869 -0.00150440102356 -0.00272159195805 -0.00216410158801 -0.00222028949201 -0.00227230688085 -0.00236613380657 -0.00248102259416 -0.00275481597343 -0.0024844720142 0 -0.00303614365212 -0.00348655928902 -0.00418406963677 0 -0.00257685581277 -0.00613710634273 0 -0.00798143756726 0 -0.0060207790894 -0.00188108370502 0 -0.00320168662333 -0.00264006919095 -0.00283141981662 -0.00134134835263 -0.002227547584 -0.00410721612642 -0.000133542487698 -0.00277265811517 -0.000132814014417 -0.00379646585758 -0.00189287804366 -0.00271134853136 -0.00256633051654 -0.00157155188938 -0.00216750282271 -0.00250605073383 -0.00152949472395 -0.00287549855605 -0.00203305225481 -0.00187603892148 -0.00245983459555 -0.322691675277 0.0027854968454 0 0 0 0 0 0 0 0 0 0 0 0 0 0
0 0 0 0 0 0 0 0 0 0 0 0 0 0 0 0.16463923098 -0.00469549391456 -0.0024721904324 -0.00160166285906 -0.0024556635844 -0.00148206258884 -0.00268399154884 -0.00182678032751 -0.00251752001106 -0.00158761192929 -0.00232832025284 -0.00331252454084 0 -0.0034052756164 -0.0019182310084 -0.0022095549124 -0.0040857113284 0 -0.00405644562434 -0.00232268128918 -0.00181466225056 -0.00192209899309 -0.00297676298655 -0.00363810448402 0 -0.00613474688729 0 -0.00509158897578 0 -0.00577114914688 -0.00079904843439 -0.000214212944434 -0.00394574016468 -0.00330570589202 -0.00250291605627 0 -0.0026652894375 -0.00263791528435 -0.00238261026688 -0.00227476275407 -0.00218624401447 -0.00213992326998 -0.00208543526868 -0.00264911280925 -0.00141592208664 -0.00324618143684 0 -0.00588868806084 0 -0.00708558913862 0 -0.00588535538306 0 -0.00323085991373 -0.0014281985086 -0.00264538944309 -0.00208789907305 -0.00214408697705 -0.00219610436589 -0.00228993129161 -0.0024048200792 -0.00267861345847 -0.00240826949924 0 -0.00295994113716 -0.00341035677405 -0.00410786712181 0 -0.00250065329781 -0.00606090382777 0 -0.0079052350523 0 -0.00594457657444 -0.00180488119006 0 -0.00312548410837 -0.00256386667599 -0.00275521730166 -0.00126514583767 -0.00215134506904 -0.00403101361146 -5.73399727373e-05 -0.0026964556002 -5.66114994558e-05 -0.00372026334262 -0.00181667552869 -0.00263514601639 -0.00249012800158 -0.00149534937442 -0.00209130030775 -0.00242984821887 -0.00145329220899 -0.00279929604109 -0.00195684973985 -0.00179983640652 -0.00238363208059 -0.195484308786 0.000449166357906 1.31838984174e-15 1.31838984174e-15 1.31838984174e-15 1.31838984174e-15 1.31838984174e-15 1.31838984174e-15 1.31838984174e-15 1.31838984174e-15 1.31838984174e-15 1.31838984174e-15 1.31838984174e-15 1.31838984174e-15 1.31838984174e-15 1.31838984174e-15
0 0 0 0 0 0 0 0 0 0 0 0 0 0 0 0.234151489429 -0.0041858128646 0 0 0 0 0 0 0 0 0 0 0 0 0 0 0 0 0 0 0 0 0 0 0 -0.000957257311782 0 0 0 -0.000593659571376 0 0 0 0 0 0 0 0 0 0 0 0 0 0 0 0 0 -0.000711198485334 0 -0.00190809956311 0 -0.000707865807557 0 0 0 0 0 0 0 0 0 0 0 0 0 0 0 0 0 -0.000883414252262 0 -0.00272774547679 0 -0.00076708699893 0 0 0 0 0 0 0 0 0 0 0 0 0 0 0 0 0 0 0 0 0 0 -0.00460920202115 -0.264617405195 0 0 0 0 0 0 0 0 0 0 0 0 0 0 0
0 0 0 0 0 0 0 0 0 0 0 0 0 0 0 0.284873673439 -0.0158695894207 -5.31830234053e-05 0 -3.66561754053e-05 0 -0.00026498413985 0 -9.85126020721e-05 0 0 -0.00089351713185 0 -0.000986268207405 0 0 -0.00166670391941 0 -0.00163743821535 0 0 0 -0.000557755577564 -0.00121909707503 0 -0.0037157394783 0 -0.00267258156679 0 -0.00335214173789 0 0 -0.00152673275569 -0.000886698483033 -8.39086472788e-05 0 -0.000246282028504 -0.000218907875359 0 0 0 0 0 -0.000230105400256 0 -0.000827174027848 0 -0.00346968065185 0 -0.00466658172963 0 -0.00346634797407 0 -0.000811852504739 0 -0.000226382034103 0 0 0 0 0 -0.000259606049476 0 0 -0.000540933728168 -0.000991349365064 -0.00168885971282 0 -8.164588882e-05 -0.00364189641878 0 -0.00548622764331 0 -0.00352556916545 0 0 -0.000706476699378 -0.000144859266997 -0.000336209892665 0 0 -0.00161200620247 0 -0.000277448191213 0 -0.00130125593363 0 -0.000216138607404 -7.1120592592e-05 0 0 -1.08408098767e-05 0 -0.000380288632096 0 0 -0.0500915640254 -0.314222005378 0 5.55111512313e-17 5.55111512313e-17 5.55111512313e-17 5.55111512313e-17 5.55111512313e-17 5.55111512313e-17 5.55111512313e-17 5.55111512313e-17 5.55111512313e-17 5.55111512313e-17 5.55111512313e-17 5.55111512313e-17 5.55111512313e-17 5.55111512313e-17
0 0 0 0 0 0 0 0 0 0 0 0 0 0 0 0.201983490455 -0.0336743889236 -0.00252120423032 -0.00165067665699 -0.00250467738232 -0.00153107638677 -0.00273300534677 -0.00187579412543 -0.00256653380899 -0.00163662572721 -0.00237733405077 -0.00336153833877 0 -0.00345428941432 -0.00196724480632 -0.00225856871032 -0.00413472512632 0 -0.00410545942227 -0.0023716950871 -0.00186367604848 -0.00197111279101 -0.00302577678448 -0.00368711828195 0 -0.00618376068521 0 -0.00514060277371 0 -0.00582016294481 -0.000848062232316 -0.000263226742359 -0.0039947539626 -0.00335471968995 -0.00255192985419 0 -0.00271430323542 -0.00268692908228 -0.00243162406481 -0.00232377655199 -0.0022352578124 -0.00218893706791 -0.0021344490666 -0.00269812660717 -0.00146493588456 -0.00329519523476 0 -0.00593770185877 0 -0.00713460293654 0 -0.00593436918099 0 -0.00327987371166 -0.00147721230653 -0.00269440324102 -0.00213691287097 -0.00219310077498 -0.00224511816382 -0.00233894508953 -0.00245383387712 -0.00272762725639 -0.00245728329716 0 -0.00300895493508 -0.00345937057198 -0.00415688091974 0 -0.00254966709574 -0.00610991762569 0 -0.00795424885022 0 -0.00599359037236 -0.00185389498798 0 -0.00317449790629 -0.00261288047391 -0.00280423109958 -0.00131415963559 -0.00220035886696 -0.00408002740939 -0.000106353770662 -0.00274546939813 -0.000105625297381 -0.00376927714054 -0.00186568932662 -0.00268415981432 -0.00253914179951 -0.00154436317235 -0.00214031410568 -0.00247886201679 -0.00150230600691 -0.00284830983901 -0.00200586353778 -0.00184885020445 -0.114477545554 -0.108954049506 0 1.11022302463e-16 1.11022302463e-16 1.11022302463e-16 1.11022302463e-16 1.11022302463e-16 1.11022302463e-16 1.11022302463e-16 1.11022302463e-16 1.11022302463e-16 1.11022302463e-16 1.11022302463e-16 1.11022302463e-16 1.11022302463e-16 1.11022302463e-16
0 0 0 0 0 0 0 0 0 0 0 0 0 0 0 0.302093515521 -0.0568655642642 -0.00144160477551 -0.000571077202175 -0.00142507792751 -0.000451476931952 -0.00165340589195 -0.000796194670619 -0.00148693435417 -0.000557026272397 -0.00129773459595 -0.00228193888395 0 -0.00237468995951 -0.000887645351507 -0.00117896925551 -0.00305512567151 0 -0.00302585996745 -0.00129209563229 -0.000784076593668 -0.000891513336197 -0.00194617732967 -0.00260751882714 0 -0.0051041612304 0 -0.00406100331889 0 -0.00474056348999 0 0 -0.00291515450779 -0.00227512023514 -0.00147233039938 0 -0.00163470378061 -0.00160732962746 -0.00135202460999 -0.00124417709718 -0.00115565835758 -0.00110933761309 -0.00105484961179 -0.00161852715236 -0.000385336429749 -0.00221559577995 0 -0.00485810240395 0 -0.00605500348173 0 -0.00485476972617 0 -0.00220027425684 -0.000397612851713 -0.0016148037862 -0.00105731341616 -0.00111350132016 -0.001165518709 -0.00125934563472 -0.00137423442231 -0.00164802780158 -0.00137768384235 0 -0.00192935548027 -0.00237977111717 -0.00307728146492 0 -0.00147006764092 -0.00503031817088 0 -0.00687464939541 0 -0.00491399091755 -0.000774295533166 0 -0.00209489845148 -0.0015332810191 -0.00172463164477 -0.00023456018078 -0.00112075941215 -0.00300042795457 0 -0.00166586994332 0 -0.00268967768573 -0.000786089871806 -0.00160456035951 -0.00145954234469 -0.000464763717532 -0.00106071465086 -0.00139926256198 -0.0004227065521 -0.0017687103842 -0.000926264082964 -0.000769250749631 -0.192376416551 -0.152418823144 0 0 0 0 0 0 0 0 0 0 0 0 0 0 0
0 0 0 0 0 0 0 0 0 0 0 0 0 0 0 0.273114393686 -0.0876150963726 0 0 0 0 0 0 0 0 0 0 0 0 0 0 0 0 0 0 0 0 0 0 0 0 0 0 0 0 0 0 0 0 0 0 0 0 0 0 0 0 0 0 0 0 0 0 0 -0.000552285763603 0 0 0 0 0 0 0 0 0 0 0 0 0 0 0 0 0 0 0 0 0 -0.00137193167728 0 0 0 0 0 0 0 0 0 0 0 0 0 0 0 0 0 0 0 0 0 0 0 0 -0.289333281083 0.0581533107567 0 6.66133814775e-16 6.66133814775e-16 6.66133814775e-16 6.66133814775e-16 6.66133814775e-16 6.66133814775e-16 6.66133814775e-16 6.66133814775e-16 6.66133814775e-16 6.66133814775e-16 6.66133814775e-16 6.66133814775e-16 6.66133814775e-16 6.66133814775e-16
0 0 0 0 0 0 0 0 0 0 0 0 0 0 0 0.174427994918 0.0413773635926 -0.00291280170351 -0.00204227413017 -0.00289627485551 -0.00192267385995 -0.00312460281995 -0.00226739159862 -0.00295813128217 -0.0020282232004 -0.00276893152395 -0.00375313581195 -0.000215992459063 -0.00384588688751 -0.00235884227951 -0.00265016618351 -0.00452632259951 0 -0.00449705689545 -0.00276329256029 -0.00225527352167 -0.0023627102642 -0.00341737425767 -0.00407871575513 0 -0.0065753581584 0 -0.00553220024689 0 -0.00621176041799 -0.0012396597055 -0.000654824215545 -0.00438635143579 -0.00374631716314 -0.00294352732738 0 -0.00310590070861 -0.00307852655546 -0.00282322153799 -0.00271537402518 -0.00262685528558 -0.00258053454109 -0.00252604653979 -0.00308972408036 -0.00185653335775 -0.00368679270795 -0.000150866435953 -0.00632929933195 0 -0.00752620040973 0 -0.00632596665417 -0.000159302399063 -0.00367147118484 -0.00186880977971 -0.0030860007142 -0.00252851034416 -0.00258469824816 -0.002636715637 -0.00273054256272 -0.00284543135031 -0.00311922472958 -0.00284888077035 0 -0.00340055240827 -0.00385096804517 -0.00454847839292 0 -0.00294126456892 -0.00650151509888 0 -0.00834584632341 0 -0.00638518784555 -0.00224549246117 -0.000280891741785 -0.00356609537948 -0.0030044779471 -0.00319582857277 -0.00170575710878 -0.00259195634015 -0.00447162488257 -0.000497951243848 -0.00313706687132 -0.000497222770567 -0.00416087461373 -0.00225728679981 -0.00307575728751 -0.00293073927269 -0.00193596064553 -0.00253191157886 -0.00287045948998 -0.0018939034801 -0.0032399073122 -0.00239746101096 -0.00224044767763 -0.354140492243 0.0263777851985 0 6.93889390391e-16 6.93889390391e-16 6.93889390391e-16 6.93889390391e-16 6.93889390391e-16 6.93889390391e-16 6.93889390391e-16 6.93889390391e-16 6.93889390391e-16 6.93889390391e-16 6.93889390391e-16 6.93889390391e-16 6.93889390391e-16 6.93889390391e-16
0 0 0 0 0 0 0 0 0 0 0 0 0 0 0 0.0819759729392 0.0945058765061 -0.00320970595239 -0.00233917837906 -0.00319317910439 -0.00221957810884 -0.00342150706884 -0.00256429584751 -0.00325503553106 -0.00232512744928 -0.00306583577284 -0.00405004006084 -0.00051289670795 -0.00414279113639 -0.00265574652839 -0.00294707043239 -0.00482322684839 0 -0.00479396114434 -0.00306019680917 -0.00255217777055 -0.00265961451308 -0.00371427850655 -0.00437562000402 0 -0.00687226240729 -0.000238120920267 -0.00582910449578 0 -0.00650866466688 -0.00153656395439 -0.000951728464432 -0.00468325568467 -0.00404322141202 -0.00324043157627 0 -0.00340280495749 -0.00337543080435 -0.00312012578688 -0.00301227827406 -0.00292375953447 -0.00287743878998 -0.00282295078868 -0.00338662832925 -0.00215343760664 -0.00398369695684 -0.00044777068484 -0.00662620358084 0 -0.00782310465862 0 -0.00662287090306 -0.00045620664795 -0.00396837543373 -0.0021657140286 -0.00338290496309 -0.00282541459304 -0.00288160249705 -0.00293361988589 -0.00302744681161 -0.0031423355992 -0.00341612897847 -0.00314578501924 0 -0.00369745665716 -0.00414787229405 -0.00484538264181 0 -0.00323816881781 -0.00679841934777 0 -0.00864275057229 0 -0.00668209209443 -0.00254239671005 -0.000577795990673 -0.00386299962837 -0.00330138219599 -0.00349273282165 -0.00200266135767 -0.00288886058903 -0.00476852913146 -0.000794855492735 -0.0034339711202 -0.000794127019454 -0.00445777886262 -0.00255419104869 -0.00337266153639 -0.00322764352158 -0.00223286489442 -0.00282881582775 -0.00316736373887 -0.00219080772899 -0.00353681156109 -0.00269436525985 -0.00253735192652 -0.317596554267 0.00590938286637 0 2.78943534937e-15 2.78943534937e-15 2.78943534937e-15 2.78943534937e-15 2.78943534937e-15 2.78943534937e-15 2.78943534937e-15 2.78943534937e-15 2.78943534937e-15 2.78943534937e-15 2.78943534937e-15 2.78943534937e-15 2.78943534937e-15 2.78943534937e-15
0 0 0 0 0 0 0 0 0 0 0 0 0 0 0 0.0114148992918 0.18083187224 0 0 0 0 0 0 0 0 0 0 0 0 0 0 0 0 0 0 0 0 0 0 0 0 0 0 0 0 0 0 0 0 0 0 0 0 0 0 0 0 0 0 0 0 0 0 0 0 0 0 0 0 0 0 0 0 0 0 0 0 0 0 0 0 0 0 0 0 0 0 0 0 0 0 0 0 0 0 0 0 0 0 0 0 0 0 0 0 0 0 0 0 0 -0.00254210653753 -0.243950611661 0.000124532947848 0 0 0 0 0 0 0 0 0 0 0 0 0 0 0
0 0 0 0 0 0 0 0 0 0 0 0 0 0 0 0 0.253732721324 -0.0307695965602 -0.00279705952712 -0.00365106025245 -0.00267745925689 -0.00387938821689 -0.00302217699556 -0.00371291667911 -0.00278300859734 -0.00352371692089 -0.00450792120889 -0.000970777856004 -0.00460067228445 -0.00311362767645 -0.00340495158045 -0.00528110799645 0 -0.00525184229239 -0.00351807795723 -0.00301005891861 -0.00311749566114 -0.00417215965461 -0.00483350115208 0 -0.00733014355534 -0.000696002068321 -0.00628698564383 0 -0.00696654581493 -0.00199444510244 -0.00140960961249 -0.00514113683273 -0.00450110256008 -0.00369831272432 0 -0.00386068610555 -0.0038333119524 -0.00357800693493 -0.00347015942212 -0.00338164068252 -0.00333531993804 -0.00328083193673 -0.0038445094773 -0.00261131875469 -0.00444157810489 -0.000905651832894 -0.00708408472889 0 -0.00828098580667 0 -0.00708075205112 -0.000914087796004 -0.00442625658178 -0.00262359517665 -0.00384078611115 -0.0032832957411 -0.0033394836451 -0.00339150103394 -0.00348532795966 -0.00360021674725 -0.00387401012652 -0.00360366616729 0 -0.00415533780521 -0.00460575344211 -0.00530326378986 0 -0.00369604996586 -0.00725630049582 0 -0.00910063172035 0 -0.00713997324249 -0.00300027785811 -0.00103567713873 -0.00432088077642 -0.00375926334404 -0.00395061396971 -0.00246054250572 -0.00334674173709 -0.00522641027951 -0.00125273664079 -0.00389185226826 -0.00125200816751 -0.00491566001067 -0.00301207219675 -0.00383054268445 -0.00368552466963 -0.00269074604247 -0.0032866969758 -0.00362524488692 -0.00264868887704 -0.00399469270914 -0.0031522464079 -0.100219865065 -0.176535968331 9.57446573801e-05 0 0 0 0 0 0 0 0 0 0 0 0 0 0 0
0 0 0 0 0 0 0 0 0 0 0 0 0 0 0 0 0.270764481168 -0.0783889273387 -0.000389349679405 -0.00124335040474 -0.000269749409183 -0.00147167836918 -0.00061446714785 -0.00130520683141 -0.000375298749627 -0.00111600707318 -0.00210021136118 0 -0.00219296243674 -0.000705917828738 -0.000997241732738 -0.00287339814874 0 -0.00284413244468 -0.00111036810952 -0.000602349070899 -0.000709785813428 -0.0017644498069 -0.00242579130437 0 -0.00492243370763 0 -0.00387927579612 0 -0.00455883596722 0 0 -0.00273342698502 -0.00209339271237 -0.00129060287661 0 -0.00145297625784 -0.00142560210469 -0.00117029708722 -0.00106244957441 -0.000973930834815 -0.000927610090326 -0.000873122089021 -0.00143679962959 -0.00020360890698 -0.00203386825718 0 -0.00467637488118 0 -0.00587327595896 0 -0.00467304220341 0 -0.00201854673407 -0.000215885328944 -0.00143307626344 -0.000875585893389 -0.000931773797394 -0.000983791186233 -0.00107761811195 -0.00119250689954 -0.00146630027881 -0.00119595631958 0 -0.0017476279575 -0.0021980435944 -0.00289555394215 0 -0.00128834011815 -0.00484859064811 0 -0.00669292187264 0 -0.00473226339478 -0.000592568010397 0 -0.00191317092871 -0.00135155349633 -0.001542904122 -5.28326580115e-05 -0.000939031889379 -0.0028187004318 0 -0.00148414242055 0 -0.00250795016296 -0.000604362349036 -0.00142283283674 -0.00127781482193 -0.000283036194763 -0.000878987128095 -0.00121753503921 -0.000240979029331 -0.00158698286143 -0.000744536560195 -0.253405532912 -0.0611960185969 9.57446573829e-05 0 4.4408920985e-16 4.4408920985e-16 4.4408920985e-16 4.4408920985e-16 4.4408920985e-16 4.4408920985e-16 4.4408920985e-16 4.4408920985e-16 4.4408920985e-16 4.4408920985e-16 4.4408920985e-16 4.4408920985e-16 4.4408920985e-16 4.4408920985e-16
0 0 0 0 0 0 0 0 0 0 0 0 0 0 0 0 0.174686228683 0.0274365849895 0 0 0 0 0 0 0 0 0 0 0 0 0 0 0 0 0 0 0 0 0 0 -0.000936549870003 0 0 0 -0.000572952129597 0 0 0 0 0 0 0 0 0 0 0 0 0 0 0 0 0 -0.000690491043555 0 -0.00188739212133 0 -0.000687158365778 0 0 0 0 0 0 0 0 0 0 0 0 0 0 0 0 0 -0.000862706810483 0 -0.00270703803501 0 -0.000746379557151 0 0 0 0 0 0 0 0 0 0 0 0 0 0 0 0 0 0 0 0 0 -0.329062251563 0.0162179514395 9.57446573843e-05 0 1.91513471748e-15 1.91513471748e-15 1.91513471748e-15 1.91513471748e-15 1.91513471748e-15 1.91513471748e-15 1.91513471748e-15 1.91513471748e-15 1.91513471748e-15 1.91513471748e-15 1.91513471748e-15 1.91513471748e-15 1.91513471748e-15 1.91513471748e-15
0 0 0 0 0 0 0 0 0 0 0 0 0 0 0 0 0.0423416118237 0.139494594964 -0.00726458489744 -0.00522776502993 -0.00425416403437 -0.00545609299437 -0.00459888177304 -0.00528962145659 -0.00435971337481 -0.00510042169837 -0.00608462598637 -0.00254748263348 -0.00617737706193 -0.00469033245393 -0.00498165635793 -0.00685781277393 -0.000911808749037 -0.00682854706987 -0.0050947827347 -0.00458676369609 -0.00469420043861 -0.00574886443208 -0.00641020592955 -0.000161219848902 -0.00890684833282 -0.0022727068458 -0.00786369042131 -0.000968505337227 -0.00854325059241 -0.00357114987992 -0.00298631438996 -0.00671784161021 -0.00607780733755 -0.0052750175018 -0.00154054893559 -0.00543739088302 -0.00541001672988 -0.00515471171241 -0.00504686419959 -0.00495834546 -0.00491202471551 -0.00485753671421 -0.00542121425478 -0.00418802353217 -0.00601828288237 -0.00248235661037 -0.00866078950637 -1.32951063692e-05 -0.00985769058415 -1.41674508138e-05 -0.00865745682859 -0.00249079257348 -0.00600296135926 -0.00420029995413 -0.00541749088862 -0.00486000051858 -0.00491618842258 -0.00496820581142 -0.00506203273714 -0.00517692152473 -0.005450714904 -0.00518037094477 -0.00139840272332 -0.00573204258269 -0.00618245821958 -0.00687996856734 -0.00149190286532 -0.00527275474334 -0.0088330052733 0 -0.0106773364978 0 -0.00871667801997 -0.00457698263558 -0.0026123819162 -0.0058975855539 -0.00533596812152 -0.00552731874719 -0.0040372472832 -0.00492344651457 -0.00680311505699 -0.00282944141827 -0.00546855704573 -0.00282871294498 -0.00649236478815 -0.00458877697422 -0.00540724746192 -0.00526222944711 -0.00426745081995 -0.00486340175328 -0.0052019496644 -0.00422539365452 -0.00557139748662 -0.0109421096158 -0.325698416941 0.000109311145563 9.57446573849e-05 0 2.50494069931e-15 2.50494069931e-15 2.50494069931e-15 2.50494069931e-15 2.50494069931e-15 2.50494069931e-15 2.50494069931e-15 2.50494069931e-15 2.50494069931e-15 2.50494069931e-15 2.50494069931e-15 2.50494069931e-15 2.50494069931e-15 2.50494069931e-15
0 0 0 0 0 0 0 0 0 0 0 0 0 0 0 0 0.000493378512577 0.183412794273 -0.0294680899454 0 0 0 0 0 0 0 0 0 0 0 0 0 0 0 0 0 0 0 0 0 0 0 0 0 0 0 0 0 0 0 0 0 0 0 0 0 0 0 0 0 0 0 0 0 0 0 0 0 0 0 0 0 0 0 0 0 0 0 0 0 0 0 0 0 0 0 0 0 0 0 0 0 0 0 0 0 0 0 0 0 0 0 0 0 0 0 0 0 0 -0.112253211665 -0.194469423067 0 9.57446573765e-05 0 0 0 0 0 0 0 0 0 0 0 0 0 0 0
0 0 0 0 0 0 0 0 0 0 0 0 0 0 0 0 2.57862384199e-05 0.261013741917 -0.0623164732718 -0.00604342083318 -0.00506981983763 -0.00627174879763 -0.0054145375763 -0.00610527725985 -0.00517536917807 -0.00591607750163 -0.00690028178963 -0.00336313843674 -0.00699303286518 -0.00550598825718 -0.00579731216118 -0.00767346857718 -0.0017274645523 -0.00764420287313 -0.00591043853796 -0.00540241949934 -0.00550985624187 -0.00656452023534 -0.00722586173281 -0.00097687565216 -0.00972250413608 -0.00308836264906 -0.00867934622457 -0.00178416114049 -0.00935890639567 -0.00438680568318 -0.00380197019322 -0.00753349741346 -0.00689346314081 -0.00609067330506 -0.00235620473885 -0.00625304668628 -0.00622567253314 -0.00597036751567 -0.00586252000285 -0.00577400126326 -0.00572768051877 -0.00567319251747 -0.00623687005803 -0.00500367933543 -0.00683393868563 -0.00329801241363 -0.00947644530963 -0.000828950909628 -0.0106733463874 -0.000829823254072 -0.00947311263185 -0.00330644837674 -0.00681861716252 -0.00501595575739 -0.00623314669188 -0.00567565632183 -0.00573184422584 -0.00578386161468 -0.0058776885404 -0.00599257732799 -0.00626637070725 -0.00599602674803 -0.00221405852658 -0.00654769838595 -0.00699811402284 -0.0076956243706 -0.00230755866858 -0.0060884105466 -0.00964866107656 0 -0.0114929923011 -0.000286890271152 -0.00953233382322 -0.00539263843884 -0.00342803771946 -0.00671324135716 -0.00615162392478 -0.00634297455044 -0.00485290308646 -0.00573910231782 -0.00761877086025 -0.00364509722152 -0.00628421284899 -0.00364436874824 -0.00730802059141 -0.00540443277748 -0.00622290326518 -0.00607788525037 -0.00508310662321 -0.00567905755654 -0.00601760546766 -0.00504104945778 -0.00638705328988 -0.349823767009 -0.0279591406039 0 9.57446573865e-05 0 4.10782519111e-15 4.10782519111e-15 4.10782519111e-15 4.10782519111e-15 4.10782519111e-15 4.10782519111e-15 4.10782519111e-15 4.10782519111e-15 4.10782519111e-15 4.10782519111e-15 4.10782519111e-15 4.10782519111e-15 4.10782519111e-15 4.10782519111e-15
0 0 0 0 0 0 0 0 0 0 0 0 0 0 0 0 2.57862384199e-05 0.0788345832172 0.108752767888 0 0 0 0 0 0 0 0 0 0 0 0 0 0 0 0 0 0 0 0 0 0 0 0 0 0 0 0 0 0 0 0 0 0 0 0 0 0 0 0 0 0 0 0 0 0 0 0 0 0 0 0 0 0 0 0 0 0 0 0 0 0 0 0 0 0 0 -0.000651726788787 0 0 0 0 0 0 0 0 0 0 0 0 0 0 0 0 0 0 0 0 0 -0.00025129733408 -0.336873026115 0.00188660364349 0 9.57446573835e-05 0 1.04083408559e-15 1.04083408559e-15 1.04083408559e-15 1.04083408559e-15 1.04083408559e-15 1.04083408559e-15 1.04083408559e-15 1.04083408559e-15 1.04083408559e-15 1.04083408559e-15 1.04083408559e-15 1.04083408559e-15 1.04083408559e-15 1.04083408559e-15
0 0 0 0 0 0 0 0 0 0 0 0 0 0 0 0 2.57862384199e-05 0.00147535453106 0.167767442085 -0.0471901350776 -0.00249810905126 -0.00370003801126 -0.00284282678993 -0.00353356647348 -0.00260365839171 -0.00334436671526 -0.00432857100326 -0.000791427650373 -0.00442132207882 -0.00293427747082 -0.00322560137482 -0.00510175779082 0 -0.00507249208676 -0.0033387277516 -0.00283070871298 -0.00293814545551 -0.00399280944898 -0.00465415094645 0 -0.00715079334971 -0.000516651862691 -0.0061076354382 0 -0.0067871956093 -0.00181509489681 -0.00123025940686 -0.0049617866271 -0.00432175235445 -0.00351896251869 0 -0.00368133589992 -0.00365396174677 -0.0033986567293 -0.00329080921649 -0.00320229047689 -0.0031559697324 -0.0031014817311 -0.00366515927167 -0.00243196854906 -0.00426222789926 -0.000726301627263 -0.00690473452326 0 -0.00810163560104 0 -0.00690140184549 -0.000734737590373 -0.00424690637615 -0.00244424497102 -0.00366143590552 -0.00310394553547 -0.00316013343947 -0.00321215082831 -0.00330597775403 -0.00342086654162 -0.00369465992089 -0.00342431596166 0 -0.00397598759958 -0.00442640323648 -0.00512391358423 0 -0.00351669976023 -0.00707695029019 0 -0.00892128151472 0 -0.00696062303686 -0.00282092765248 -0.000856326933096 -0.00414153057079 -0.00357991313841 -0.00377126376408 -0.00228119230009 -0.00316739153146 -0.00504706007388 -0.00107338643516 -0.00371250206263 -0.00107265796188 -0.00473630980504 -0.00283272199112 -0.00365119247882 -0.003506174464 -0.00251139583684 -0.00310734677017 -0.00344589468129 -0.00246933867141 -0.13070819215 -0.202422326276 0.000371434802565 0 9.57446573794e-05 0 0 0 0 0 0 0 0 0 0 0 0 0 0 0
0 0 0 0 0 0 0 0 0 0 0 0 0 0 0 0 2.57862384199e-05 0 0.213607503567 -0.0400714344956 -1.56440746659e-05 -0.00121757303467 -0.000360361813333 -0.00105110149689 -0.00012119341511 -0.000861901738666 -0.00184610602667 0 -0.00193885710222 -0.000451812494221 -0.000743136398221 -0.00261929281422 0 -0.00259002711017 -0.000856262775001 -0.000348243736382 -0.000455680478911 -0.00151034447238 -0.00217168596985 0 -0.00466832837311 0 -0.00362517046161 0 -0.00430473063271 0 0 -0.0024793216505 -0.00183928737785 -0.00103649754209 0 -0.00119887092332 -0.00117149677018 -0.000916191752707 -0.000808344239891 -0.000719825500298 -0.000673504755809 -0.000619016754504 -0.00118269429507 0 -0.00177976292266 0 -0.00442226954667 0 -0.00561917062444 0 -0.00441893686889 0 -0.00176444139956 0 -0.00117897092892 -0.000621480558872 -0.000677668462877 -0.000729685851716 -0.000823512777433 -0.000938401565023 -0.00121219494429 -0.000941850985065 0 -0.00149352262298 -0.00194393825988 -0.00264144860764 0 -0.00103423478364 -0.00459448531359 0 -0.00643881653812 0 -0.00447815806026 -0.00033846267588 0 -0.00165906559419 -0.00109744816181 -0.00128879878748 0 -0.000684926554862 -0.00256459509729 0 -0.00123003708603 0 -0.00225384482844 -0.000350257014519 -0.00116872750222 -0.00102370948741 -2.89308602457e-05 -0.000624881793577 -0.000963429704693 0 -0.363961145629 0.0184164510511 0.000371434802569 0 9.57446573835e-05 0 1.05471187339e-15 1.05471187339e-15 1.05471187339e-15 1.05471187339e-15 1.05471187339e-15 1.05471187339e-15 1.05471187339e-15 1.05471187339e-15 1.05471187339e-15 1.05471187339e-15 1.05471187339e-15 1.05471187339e-15 1.05471187339e-15 1.05471187339e-15
0 0 0 0 0 0 0 0 0 0 0 0 0 0 0 0 2.57862384199e-05 0 0.0323578973294 0.112544512948 -0.0142011870369 0 0 0 0 0 0 0 0 0 0 0 0 0 0 0 0 0 0 0 -0.00101452771652 0 0 0 -0.000650929976116 0 0 0 0 0 0 0 0 0 0 0 0 0 0 0 0 0 -0.000768468890074 0 -0.00196536996785 0 -0.000765136212297 0 0 0 0 0 0 0 0 0 0 0 0 0 0 0 0 0 -0.000940684657002 0 -0.00278501588153 0 -0.000824357403669 0 0 0 0 0 0 0 0 0 0 0 0 0 0 0 0 0 0 -0.0386613525201 -0.288827287775 0.000308346399718 0.000371434802567 0 9.57446573821e-05 0 0 0 0 0 0 0 0 0 0 0 0 0 0 0
0 0 0 0 0 0 0 0 0 0 0 0 0 0 0 0 2.57862384199e-05 0 0.000177726403951 0.232180588508 -0.064850852083 -0.00203192744454 -0.00117471622321 -0.00186545590677 -0.000935547824988 -0.00167625614854 -0.00266046043654 0 -0.0027532115121 -0.0012661669041 -0.0015574908081 -0.0034336472241 0 -0.00340438152004 -0.00167061718488 -0.00116259814626 -0.00127003488879 -0.00232469888226 -0.00298604037973 0 -0.00548268278299 0 -0.00443952487148 0 -0.00511908504258 -0.000146984330093 0 -0.00329367606038 -0.00265364178773 -0.00185085195197 0 -0.0020132253332 -0.00198585118005 -0.00173054616258 -0.00162269864977 -0.00153417991018 -0.00148785916569 -0.00143337116438 -0.00199704870495 -0.000763857982341 -0.00259411733254 0 -0.00523662395654 0 -0.00643352503432 0 -0.00523329127877 0 -0.00257879580943 -0.000776134404305 -0.0019933253388 -0.00143583496875 -0.00149202287275 -0.00154404026159 -0.00163786718731 -0.0017527559749 -0.00202654935417 -0.00175620539494 0 -0.00230787703286 -0.00275829266976 -0.00345580301751 0 -0.00184858919351 -0.00540883972347 0 -0.007253170948 0 -0.00529251247014 -0.00115281708576 0 -0.00247342000407 -0.00191180257169 -0.00210315319736 -0.000613081733372 -0.00149928096474 -0.00337894950716 0 -0.00204439149591 0 -0.00306819923832 -0.0011646114244 -0.0019830819121 -0.00183806389729 -0.000843285270123 -0.00143923620345 -0.00177778411457 -0.318330340909 -0.0898853535134 0.000292071158519 0.000371434802568 0 9.57446573829e-05 0 4.76893101831e-16 4.76893101831e-16 4.76893101831e-16 4.76893101831e-16 4.76893101831e-16 4.76893101831e-16 4.76893101831e-16 4.76893101831e-16 4.76893101831e-16 4.76893101831e-16 4.76893101831e-16 4.76893101831e-16 4.76893101831e-16 4.76893101831e-16
0 0 0 0 0 0 0 0 0 0 0 0 0 0 0 0 2.57862384199e-05 0 0.000177726403951 0.0578466480107 0.138898177012 -0.0160027071948 -0.000195991435061 -0.000886731118617 0 -0.000697531360395 -0.00168173564839 0 -0.00177448672395 -0.00028744211595 -0.00057876601995 -0.00245492243595 0 -0.0024256567319 -0.000691892396729 -0.00018387335811 -0.000291310100639 -0.00134597409411 -0.00200731559158 0 -0.00450395799484 0 -0.00346080008333 0 -0.00414036025444 0 0 -0.00231495127223 -0.00167491699958 -0.000872127163824 0 -0.00103450054505 -0.0010071263919 -0.000751821374436 -0.000643973861619 -0.000555455122026 -0.000509134377537 -0.000454646376232 -0.0010183239168 0 -0.00161539254439 0 -0.00425789916839 0 -0.00545480024617 0 -0.00425456649062 0 -0.00160007102128 0 -0.00101460055065 -0.0004571101806 -0.000513298084605 -0.000565315473445 -0.000659142399161 -0.000774031186752 -0.00104782456602 -0.000777480606794 0 -0.00132915224471 -0.00177956788161 -0.00247707822937 0 -0.000869864405365 -0.00443011493532 0 -0.00627444615985 0 -0.00431378768199 -0.000174092297609 0 -0.00149469521592 -0.000933077783542 -0.00112442840921 0 -0.00052055617659 -0.00240022471901 0 -0.00106566670776 0 -0.00208947445017 -0.000185886636248 -0.00100435712395 -0.000859339109137 0 -0.000460511415306 -0.0316794908947 -0.358983626277 0 0.000292071158518 0.000371434802568 0 9.57446573824e-05 0 2.77555756156e-17 2.77555756156e-17 2.77555756156e-17 2.77555756156e-17 2.77555756156e-17 2.77555756156e-17 2.77555756156e-17 2.77555756156e-17 2.77555756156e-17 2.77555756156e-17 2.77555756156e-17 2.77555756156e-17 2.77555756156e-17 2.77555756156e-17
0 0 0 0 0 0 0 0 0 0 0 0 0 0 0 0 2.57862384199e-05 0 0.000177726403951 0.000208207124619 0.23408116344 -0.0768823882405 0 -0.000292480404545 0 -0.000103280646323 -0.00108748493432 0 -0.00118023600988 0 0 -0.00186067172188 0 -0.00183140601782 -9.76416826575e-05 0 0 -0.000751723380036 -0.00141306487751 0 -0.00390970728077 0 -0.00286654936926 0 -0.00354610954036 0 0 -0.00172070055816 -0.00108066628551 -0.000277876449752 0 -0.000440249830977 -0.000412875677832 -0.000157570660364 -4.97231475474e-05 0 0 0 -0.000424073202729 0 -0.00102114183032 0 -0.00366364845432 0 -0.0048605495321 0 -0.00366031577655 0 -0.00100582030721 0 -0.000420349836576 0 0 0 -6.48916850896e-05 -0.00017978047268 -0.000453573851949 -0.000183229892722 0 -0.000734901530641 -0.00118531716754 -0.00188282751529 0 -0.000275613691293 -0.00383586422125 0 -0.00568019544578 0 -0.00371953696792 0 0 -0.000900444501851 -0.00033882706947 -0.000530177695138 0 0 -0.00180597400494 0 -0.000471415993686 0 -0.0014952237361 0 -0.000410106409877 -0.000265088395065 0 0 -0.319657789751 -0.0891886805184 0 0.000292071158517 0.000371434802566 0 9.57446573811e-05 0 0 0 0 0 0 0 0 0 0 0 0 0 0 0
0 0 0 0 0 0 0 0 0 0 0 0 0 0 0 0 2.57862384199e-05 0 0.000177726403951 0.000109709586963 0.0451649176529 0.0783051388101 -0.030021304913 -0.00015481748543 0 0 -0.000949822015208 0 -0.00104257309076 0 0 -0.00172300880276 0 -0.00169374309871 0 0 0 -0.000614060460921 -0.00127540195839 0 -0.00377204436166 0 -0.00272888645015 0 -0.00340844662125 0 0 -0.00158303763904 -0.000943003366391 -0.000140213530637 0 -0.000302586911862 -0.000275212758717 -1.99077412487e-05 0 0 0 0 -0.000286410283614 0 -0.000883478911206 0 -0.00352598553521 0 -0.00472288661299 0 -0.00352265285743 0 -0.000868157388097 0 -0.000282686917461 0 0 0 0 -4.2117553565e-05 -0.000315910932834 -4.55669736067e-05 0 -0.000597238611526 -0.00104765424842 -0.00174516459618 0 -0.000137950772178 -0.00369820130214 0 -0.00554253252666 0 -0.0035818740488 0 0 -0.000762781582736 -0.000201164150355 -0.000392514776023 0 0 -0.00166831108583 0 -0.000333753074571 0 -0.00135756081698 0 -0.000272443490762 -0.00012742547595 0 -0.056936729468 -0.285622975217 0.00103998035121 0 0.00029207115852 0.000371434802569 0 9.57446573843e-05 0 1.84574577844e-15 1.84574577844e-15 1.84574577844e-15 1.84574577844e-15 1.84574577844e-15 1.84574577844e-15 1.84574577844e-15 1.84574577844e-15 1.84574577844e-15 1.84574577844e-15 1.84574577844e-15 1.84574577844e-15 1.84574577844e-15 1.84574577844e-15
0 0 0 0 0 0 0 0 0 0 0 0 0 0 0 0 2.57862384199e-05 0 0.000177726403951 0.000109709586963 7.11562429644e-06 0.144682641307 -0.0940750869024 -0.00256501027035 0 -0.000296772955656 -0.00128097724366 0 -0.00137372831921 0 -0.000178007615211 -0.00205416403121 0 -0.00202489832716 -0.000291133991991 0 0 -0.00094521568937 -0.00160655718684 0 -0.0041031995901 0 -0.0030600416786 0 -0.0037396018497 0 0 -0.00191419286749 -0.00127415859484 -0.000471368759085 0 -0.00063374214031 -0.000606367987165 -0.000351062969697 -0.000243215456881 -0.000154696717288 -0.000108375972799 -5.38879714937e-05 -0.000617565512062 0 -0.00121463413965 0 -0.00385714076366 0 -0.00505404184143 0 -0.00385380808588 0 -0.00119931261655 0 -0.000613842145909 -5.63517758618e-05 -0.000112539679867 -0.000164557068706 -0.000258383994423 -0.000373272782013 -0.000647066161282 -0.000376722202055 0 -0.000928393839974 -0.00137880947687 -0.00207631982463 0 -0.000469106000626 -0.00402935653058 0 -0.00587368775511 0 -0.00391302927725 0 0 -0.00109393681118 -0.000532319378803 -0.000723670004471 0 -0.000119797771852 -0.00199946631428 0 -0.000664908303019 0 -0.00168871604543 0 -0.00060359871921 -0.000458580704398 -0.00108595194152 -0.390997257778 -0.0492131352401 0.00103998035121 0 0.000292071158517 0.000371434802567 0 9.57446573814e-05 0 0 0 0 0 0 0 0 0 0 0 0 0 0 0
0 0 0 0 0 0 0 0 0 0 0 0 0 0 0 0 2.57862384199e-05 0 0.000177726403951 0.000109709586963 7.11562429644e-06 0.0133189399205 0.165625024305 -0.0966191506813 -0.000430807074765 -0.00117151539832 -0.00215571968632 0 -0.00224847076188 -0.000761426153876 -0.00105275005788 -0.00292890647388 0 -0.00289964076982 -0.00116587643466 -0.000657857396036 -0.000765294138565 -0.00181995813203 -0.0024812996295 0 -0.00497794203277 0 -0.00393478412126 0 -0.00461434429236 0 0 -0.00278893531016 -0.0021489010375 -0.00134611120175 0 -0.00150848458297 -0.00148111042983 -0.00122580541236 -0.00111795789955 -0.00102943915995 -0.000983118415463 -0.000928630414158 -0.00149230795473 -0.000259117232118 -0.00208937658232 0 -0.00473188320632 0 -0.0059287842841 0 -0.00472855052854 0 -0.00207405505921 -0.000271393654082 -0.00148858458857 -0.000931094218526 -0.000987282122531 -0.00103929951137 -0.00113312643709 -0.00124801522468 -0.00152180860395 -0.00125146464472 0 -0.00180313628264 -0.00225355191953 -0.00295106226729 0 -0.00134384844329 -0.00490409897325 0 -0.00674843019778 0 -0.00478777171992 -0.000648076335535 0 -0.00196867925385 -0.00140706182147 -0.00159841244714 -0.000108340983149 -0.000994540214516 -0.00287420875694 0 -0.00153965074568 0 -0.0025634584881 -0.000659870674174 -0.00147834116187 -0.00133332314706 -0.178766030673 -0.217701736304 0 0.00103998035121 0 0.000292071158518 0.000371434802568 0 9.57446573824e-05 0 2.08166817117e-17 2.08166817117e-17 2.08166817117e-17 2.08166817117e-17 2.08166817117e-17 2.08166817117e-17 2.08166817117e-17 2.08166817117e-17 2.08166817117e-17 2.08166817117e-17 2.08166817117e-17 2.08166817117e-17 2.08166817117e-17 2.08166817117e-17
0 0 0 0 0 0 0 0 0 0 0 0 0 0 0 0 2.57862384199e-05 0 0.000177726403951 0.000109709586963 7.11562429644e-06 0 0.0780714202414 0.0245774420588 -0.0326757317135 0 -0.00011927238163 0 -0.000212023457185 0 0 -0.000892459169186 0 -0.000863193465131 0 0 0 0 -0.000444852324813 0 -0.00294149472808 0 -0.00189833681657 0 -0.00257789698767 0 0 -0.000752488005466 -0.000112453732813 0 0 0 0 0 0 0 0 0 0 0 -5.29292776286e-05 0 -0.00269543590163 0 -0.00389233697941 0 -0.00269210322385 0 -3.76077545192e-05 0 0 0 0 0 0 0 0 0 0 0 -0.000217104614844 -0.000914614962601 0 0 -0.00286765166856 0 -0.00471198289309 0 -0.00275132441523 0 0 0 0 0 0 0 -0.000837761452249 0 0 0 -0.000527011183407 0 0 -0.0486659649217 -0.416247522972 0.00102393745752 0 0.00103998035121 0 0.000292071158518 0.000371434802568 0 9.57446573824e-05 0 2.77555756156e-17 2.77555756156e-17 2.77555756156e-17 2.77555756156e-17 2.77555756156e-17 2.77555756156e-17 2.77555756156e-17 2.77555756156e-17 2.77555756156e-17 2.77555756156e-17 2.77555756156e-17 2.77555756156e-17 2.77555756156e-17 2.77555756156e-17
0 0 0 0 0 0 0 0 0 0 0 0 0 0 0 0 2.57862384199e-05 0 0.000177726403951 0.000109709586963 7.11562429644e-06 0 0.000666841696616 0.175110635798 -0.10674700055 -0.0118197299396 -0.00128389411714 0 -0.00137664519269 0 -0.000180924488691 -0.00205708090469 0 -0.00202781520064 -0.000294050865471 0 0 -0.00094813256285 -0.00160947406032 0 -0.00410611646358 0 -0.00306295855208 0 -0.00374251872318 0 0 -0.00191710974097 -0.00127707546832 -0.000474285632565 0 -0.00063665901379 -0.000609284860645 -0.000353979843177 -0.00024613233036 -0.000157613590768 -0.000111292846279 -5.68048449736e-05 -0.000620482385542 0 -0.00121755101313 0 -0.00386005763714 0 -0.00505695871491 0 -0.00385672495936 0 -0.00120222949003 0 -0.000616759019389 -5.92686493417e-05 -0.000115456553347 -0.000167473942186 -0.000261300867903 -0.000376189655493 -0.000649983034762 -0.000379639075535 0 -0.000931310713454 -0.00138172635035 -0.00207923669811 0 -0.000472022874106 -0.00403227340406 0 -0.00587660462859 0 -0.00391594615073 0 0 -0.00109685368466 -0.000535236252283 -0.000726586877951 0 -0.000122714645332 -0.00200238318776 0 -0.000667825176499 0 -0.00169163291891 0 -0.0119440576477 -0.397833263612 -0.0546547347761 0.000729079782719 0 0.00103998035121 0 0.000292071158518 0.000371434802567 0 9.57446573821e-05 0 0 0 0 0 0 0 0 0 0 0 0 0 0 0
0 0 0 0 0 0 0 0 0 0 0 0 0 0 0 0 2.57862384199e-05 0 0.000177726403951 0.000109709586963 7.11562429644e-06 0 0.000539672041876 0.00389637192374 0.207370374888 -0.15983574223 -0.00505041512056 0 -0.000932496197531 0 0 -0.00161293190953 0 -0.00158366620548 0 0 0 -0.000503983567689 -0.00116532506516 0 -0.00366196746842 0 -0.00261880955691 0 -0.00329836972802 0 0 -0.00147296074581 -0.000832926473159 -3.01366374043e-05 0 -0.00019251001863 -0.000165135865485 0 0 0 0 0 -0.000176333390382 0 -0.000773402017974 0 -0.00341590864198 0 -0.00461280971975 0 -0.0034125759642 0 -0.000758080494864 0 -0.000172610024228 0 0 0 0 0 -0.000205834039602 0 0 -0.000487161718293 -0.000937577355189 -0.00163508770295 0 -2.78738789454e-05 -0.0035881244089 0 -0.00543245563343 0 -0.00347179715557 0 0 -0.000652704689504 -9.10872571221e-05 -0.000282437882791 0 0 -0.00155823419259 0 -0.000223676181339 0 -0.00124748392375 -0.00134258499513 -0.306055505708 -0.151643530086 0 0.00072907978272 0 0.00103998035121 0 0.000292071158519 0.000371434802568 0 9.5744657383e-05 0 5.65519853168e-16 5.65519853168e-16 5.65519853168e-16 5.65519853168e-16 5.65519853168e-16 5.65519853168e-16 5.65519853168e-16 5.65519853168e-16 5.65519853168e-16 5.65519853168e-16 5.65519853168e-16 5.65519853168e-16 5.65519853168e-16 5.65519853168e-16
0 0 0 0 0 0 0 0 0 0 0 0 0 0 0 0 2.57862384199e-05 0 0.000177726403951 0.000109709586963 7.11562429644e-06 0 0.000539672041876 0 0.0168876008869 0.141096996506 -0.125681214055 -0.000947054877112 -0.00190505961244 -0.000418015004445 -0.000709338908444 -0.00258549532445 0 -0.00255622962039 -0.000822465285224 -0.000314446246605 -0.000421882989134 -0.0014765469826 -0.00213788848007 0 -0.00463453088334 0 -0.00359137297183 0 -0.00427093314293 0 0 -0.00244552416073 -0.00180548988807 -0.00100270005232 0 -0.00116507343354 -0.0011376992804 -0.00088239426293 -0.000774546750114 -0.000686028010521 -0.000639707266032 -0.000585219264727 -0.0011488968053 0 -0.00174596543289 0 -0.00438847205689 0 -0.00558537313467 0 -0.00438513937911 0 -0.00173064390978 0 -0.00114517343914 -0.000587683069095 -0.0006438709731 -0.000695888361939 -0.000789715287656 -0.000904604075247 -0.00117839745452 -0.000908053495288 0 -0.00145972513321 -0.0019101407701 -0.00260765111786 0 -0.00100043729386 -0.00456068782382 0 -0.00640501904835 0 -0.00444436057048 -0.000304665186103 0 -0.00162526810442 -0.00106365067204 -0.0012550012977 0 -0.000651129065085 -0.00253079760751 0 -0.00119623959625 0 -0.003180750019 -0.279065275287 -0.243499971452 0.00114860987733 0 0.000729079782719 0 0.00103998035121 0 0.000292071158518 0.000371434802567 0 9.57446573822e-05 0 0 0 0 0 0 0 0 0 0 0 0 0 0 0
0 0 0 0 0 0 0 0 0 0 0 0 0 0 0 0 2.57862384199e-05 0 0.000177726403951 0.000109709586963 7.11562429644e-06 0 0.000539672041876 0 0.00130579066943 0.0247877853875 0.161552616083 -0.121157214418 -0.00444546494307 0 0 -0.00176103196444 0 -0.00173176626039 0 0 0 -0.000652083622602 -0.00131342512007 0 -0.00381006752334 0 -0.00276690961183 0 -0.00344646978293 0 0 -0.00162106080072 -0.000981026528072 -0.000178236692318 0 -0.000340610073543 -0.000313235920398 -5.79309029298e-05 0 0 0 0 -0.000324433445295 0 -0.000921502072887 0 -0.00356400869689 0 -0.00476090977467 0 -0.00356067601911 0 -0.000906180549778 0 -0.000320710079142 0 0 0 0 -8.01407152462e-05 -0.000353934094515 -8.35901352878e-05 0 -0.000635261773207 -0.0010856774101 -0.00178318775786 0 -0.000175973933859 -0.00373622446382 0 -0.00558055568834 0 -0.00361989721048 0 0 -0.000800804744417 -0.000239187312036 -0.000430537937704 0 0 -0.00170633424751 0 -0.000371776236252 0 -0.259629838028 -0.27572051396 0 0.00114860987733 0 0.000729079782719 0 0.00103998035121 0 0.000292071158518 0.000371434802568 0 9.57446573825e-05 0 5.55111512313e-17 5.55111512313e-17 5.55111512313e-17 5.55111512313e-17 5.55111512313e-17 5.55111512313e-17 5.55111512313e-17 5.55111512313e-17 5.55111512313e-17 5.55111512313e-17 5.55111512313e-17 5.55111512313e-17 5.55111512313e-17 5.55111512313e-17
0 0 0 0 0 0 0 0 0 0 0 0 0 0 0 0 2.57862384199e-05 0 0.000177726403951 0.000109709586963 7.11562429644e-06 0 0.000539672041876 0 0.00130579066943 0 0.0270462225637 0.141959103946 -0.160488059565 -0.00803658842615 -0.00108688554667 -0.00296304196267 0 -0.00293377625861 -0.00120001192345 -0.000691992884827 -0.000799429627356 -0.00185409362083 -0.00251543511829 0 -0.00501207752156 0 -0.00396891961005 0 -0.00464847978115 0 0 -0.00282307079895 -0.00218303652629 -0.00138024669054 0 -0.00154262007177 -0.00151524591862 -0.00125994090115 -0.00115209338834 -0.00106357464874 -0.00101725390425 -0.000962765902949 -0.00152644344352 -0.000293252720909 -0.00212351207111 0 -0.00476601869511 0 -0.00596291977289 0 -0.00476268601733 0 -0.002108190548 -0.000305529142873 -0.00152272007736 -0.000965229707317 -0.00102141761132 -0.00107343500016 -0.00116726192588 -0.00128215071347 -0.00155594409274 -0.00128560013351 0 -0.00183727177143 -0.00228768740832 -0.00298519775608 0 -0.00137798393208 -0.00493823446204 0 -0.00678256568657 0 -0.00482190720871 -0.000682211824326 0 -0.00200281474264 -0.00144119731026 -0.00163254793593 -0.00014247647194 -0.00102867570331 -0.00290834424573 0 -0.0043990179085 -0.290972234364 -0.281709920796 0.00160288077274 0 0.00114860987733 0 0.000729079782719 0 0.00103998035121 0 0.000292071158518 0.000371434802567 0 9.5744657382e-05 0 0 0 0 0 0 0 0 0 0 0 0 0 0 0
0 0 0 0 0 0 0 0 0 0 0 0 0 0 0 0 2.57862384199e-05 0 0.000177726403951 0.000109709586963 7.11562429644e-06 0 0.000539672041876 0 0.00130579066943 0 0 0.022527547126 0.0784572675112 -0.111604444356 -0.0231677330151 -0.000264458467556 0 -0.000235192763501 0 0 0 0 0 0 -0.00231349402645 0 -0.00127033611494 0 -0.00194989628604 0 0 -0.000124487303836 0 0 0 0 0 0 0 0 0 0 0 0 0 0 -0.0020674352 0 -0.00326433627778 0 -0.00206410252222 0 0 0 0 0 0 0 0 0 0 0 0 0 0 -0.000286614260971 0 0 -0.00223965096693 0 -0.00408398219146 0 -0.0021233237136 0 0 0 0 0 0 0 -0.00020976075062 -0.0119785367418 -0.330377582367 -0.183026969478 0 0.00160288077274 0 0.00114860987733 0 0.00072907978272 0 0.00103998035121 0 0.000292071158519 0.000371434802568 0 9.57446573832e-05 0 7.97972798949e-16 7.97972798949e-16 7.97972798949e-16 7.97972798949e-16 7.97972798949e-16 7.97972798949e-16 7.97972798949e-16 7.97972798949e-16 7.97972798949e-16 7.97972798949e-16 7.97972798949e-16 7.97972798949e-16 7.97972798949e-16 7.97972798949e-16
0 0 0 0 0 0 0 0 0 0 0 0 0 0 0 0 2.57862384199e-05 0 0.000177726403951 0.000109709586963 7.11562429644e-06 0 0.000539672041876 0 0.00130579066943 0 0 0.00279751568751 0.00617204600228 0.119814818955 -0.120357366119 -0.0800800473979 0 -0.0028182327635 -0.00108446842833 -0.000576449389715 -0.000683886132244 -0.00173855012571 -0.00239989162318 0 -0.00489653402645 0 -0.00385337611494 0 -0.00453293628604 0 0 -0.00270752730384 -0.00206749303118 -0.00126470319543 0 -0.00142707657665 -0.00139970242351 -0.00114439740604 -0.00103654989322 -0.000948031153632 -0.000901710409143 -0.000847222407838 -0.00141089994841 -0.000177709225797 -0.002007968576 0 -0.0046504752 0 -0.00584737627778 0 -0.00464714252222 0 -0.00199264705289 -0.000189985647761 -0.00140717658225 -0.000849686212206 -0.000905874116211 -0.00095789150505 -0.00105171843077 -0.00116660721836 -0.00144040059763 -0.0011700566384 0 -0.00172172827632 -0.00217214391321 -0.00286965426097 0 -0.00126244043697 -0.00482269096693 0 -0.00666702219146 0 -0.0047063637136 -0.000566668329214 0 -0.00188727124753 -0.00132565381515 -0.00151700444082 -2.69329768283e-05 -0.000913132208196 -0.0680492520206 -0.371911614675 -0.160365776483 0.00228900204958 0 0.00160288077274 0 0.00114860987733 0 0.000729079782718 0 0.00103998035121 0 0.000292071158517 0.000371434802567 0 9.57446573816e-05 0 0 0 0 0 0 0 0 0 0 0 0 0 0 0
0 0 0 0 0 0 0 0 0 0 0 0 0 0 0 0 2.57862384199e-05 0 0.000177726403951 0.000109709586963 7.11562429644e-06 0 0.000539672041876 0 0.00130579066943 0 0 0.00279751568751 0 0.00276013016605 0.0912626612267 -0.0394047357164 -0.143397453264 -0.014396891456 -0.000928308428335 -0.000420289389716 -0.000527726132245 -0.00158239012571 -0.00224373162318 0 -0.00474037402645 0 -0.00369721611494 0 -0.00437677628604 0 0 -0.00255136730384 -0.00191133303118 -0.00110854319543 0 -0.00127091657665 -0.00124354242351 -0.000988237406042 -0.000880389893225 -0.000791871153633 -0.000745550409143 -0.000691062407838 -0.00125473994841 -2.1549225798e-05 -0.001851808576 0 -0.0044943152 0 -0.00569121627778 0 -0.00449098252222 0 -0.00183648705289 -3.38256477621e-05 -0.00125101658225 -0.000693526212207 -0.000749714116211 -0.000801731505051 -0.000895558430767 -0.00101044721836 -0.00128424059763 -0.0010138966384 0 -0.00156556827632 -0.00201598391321 -0.00271349426097 0 -0.00110628043697 -0.00466653096693 0 -0.00651086219146 0 -0.0045502037136 -0.000410508329215 0 -0.00173111124753 -0.00116949381515 -0.00136084444082 -0.00342124705299 -0.21579816161 -0.3283865804 -0.0550138014426 0 0.00228900204958 0 0.00160288077274 0 0.00114860987733 0 0.00072907978272 0 0.00103998035121 0 0.000292071158519 0.000371434802568 0 9.57446573829e-05 0 4.83987849798e-16 4.83987849798e-16 4.83987849798e-16 4.83987849798e-16 4.83987849798e-16 4.83987849798e-16 4.83987849798e-16 4.83987849798e-16 4.83987849798e-16 4.83987849798e-16 4.83987849798e-16 4.83987849798e-16 4.83987849798e-16 4.83987849798e-16
0 0 0 0 0 0 0 0 0 0 0 0 0 0 0 0 2.57862384199e-05 0 0.000177726403951 0.000109709586963 7.11562429644e-06 0 0.000539672041876 0 0.00130579066943 0 0 0.00279751568751 0 0.00187462678045 0 0.0273382910162 0.098994677905 -0.182788100557 -0.102627109088 -0.000135288822999 0 -6.94301257128e-05 -0.000730771623182 0 -0.00322741402645 0 -0.00218425611494 0 -0.00286381628604 0 0 -0.00103840730384 -0.000398373031183 0 0 0 0 0 0 0 0 0 0 0 -0.000338848575998 0 -0.0029813552 0 -0.00417825627778 0 -0.00297802252222 0 -0.000323527052888 0 0 0 0 0 0 0 0 0 0 -5.26082763173e-05 -0.000503023913213 -0.00120053426097 0 0 -0.00315357096693 0 -0.00499790219146 0 -0.00303724371359 0 0 -0.000218151247527 0 -0.0759034999789 -0.379013146116 -0.175818252998 0 0.00131575857699 0 0.00228900204958 0 0.00160288077274 0 0.00114860987733 0 0.000729079782719 0 0.00103998035121 0 0.000292071158518 0.000371434802567 0 9.57446573821e-05 0 0 0 0 0 0 0 0 0 0 0 0 0 0 0
0 0 0 0 0 0 0 0 0 0 0 0 0 0 0 0 2.57862384199e-05 0 0.000177726403951 0.000109709586963 7.11562429644e-06 0 0.000539672041876 0 0.00130579066943 0 0 0.00279751568751 0 0.00187462678045 0 0 0.00453508653255 0.0755890613691 0.000738539878671 -0.220975040478 -0.0708078219189 -0.000630537671308 -0.000997011623184 0 -0.00349365402645 0 -0.00245049611494 0 -0.00313005628604 0 0 -0.00130464730384 -0.000664613031184 0 0 -2.4196576655e-05 0 0 0 0 0 0 -8.01994840705e-06 0 -0.000605088575999 0 -0.0032475952 0 -0.00444449627778 0 -0.00324426252222 0 -0.00058976705289 0 -4.29658225354e-06 0 0 0 0 0 -3.7520597627e-05 0 0 -0.000318848276319 -0.000769263913214 -0.00146677426097 0 0 -0.00341981096693 0 -0.00526414219146 0 -0.0033034837136 0 0 -0.0415848685578 -0.293433691447 -0.326949374229 -0.0516304369228 0.000354919702914 0 0.00111095857699 0 0.00208420204958 0 0.00139808077274 0 0.000943809877335 0 0.00052427978272 0 0.00083518035121 0 8.72711585191e-05 0.000166634802568 0 0 0 0 0 0 0 0 0 0 0 0 0 0 0 0 0
0 0 0 0 0 0 0 0 0 0 0 0 0 0 0 0 2.57862384199e-05 0 0.000177726403951 0.000109709586963 7.11562429644e-06 0 0.000539672041876 0 0.00130579066943 0 0 0.00279751568751 0 0.00187462678045 0 0 0.00305691414044 0 0.00961332834098 0.110405159562 -0.039920997403 -0.220086683416 -0.0873801304259 0 -0.00440229729175 0 -0.00335913938025 0 -0.00403869955135 0 0 -0.00221329056914 -0.00157325629649 -0.000770466460736 0 -0.000932839841961 -0.000905465688816 -0.000650160671348 -0.000542313158531 -0.000453794418939 -0.000407473674449 -0.000352985673145 -0.000916663213713 0 -0.00151373184131 0 -0.00415623846531 0 -0.00535313954308 0 -0.00415290578753 0 -0.0014984103182 0 -0.00091293984756 -0.000355449477513 -0.000411637381518 -0.000463654770357 -0.000557481696074 -0.000672370483664 -0.000946163862933 -0.000675819903706 0 -0.00122749154162 -0.00167790717852 -0.00237541752628 0 -0.000768203702277 -0.00432845423223 0 -0.00617278545676 0 -0.0042121269789 -0.0471297165776 -0.334590577013 -0.392155813005 -0.0326518388753 0 0.00236559253428 0.000969319702911 0 0.00172535857699 0 0.00269860204958 0 0.00201248077274 0 0.00155820987733 0 0.00113867978272 0 0.00144958035121 0 0.000701671158516 0.000781034802566 0 0.000505344657381 0.000405475378566 0.000409599999998 0.000409599999998 0.000409599999998 0.000409599999998 0.000409599999998 0.000409599999998 0.000409599999998 0.000409599999998 0.000409599999998 0.000409599999998 0.000409599999998 0.000409599999998 0.000409599999998 0.000409599999998
0 0 0 0 0 0 0 0 0 0 0 0 0 0 0 0 2.57862384199e-05 0 0.000177726403951 0.000109709586963 7.11562429644e-06 0 0.000539672041876 0 0.00130579066943 0 0 0.00279751568751 0 0.00187462678045 0 0 0.00305691414044 0 0.00131589967833 0.00109735250721 0.0106156455943 0.100754817586 -0.0821727651765 -0.229643865432 -0.161178478579 -0.0130202491574 -0.00317356550269 0 -0.0038531256738 0 0 -0.00202771669159 -0.00138768241894 -0.000584892583184 0 -0.000747265964409 -0.000719891811264 -0.000464586793796 -0.00035673928098 -0.000268220541387 -0.000221899796898 -0.000167411795593 -0.000731089336162 0 -0.00132815796375 0 -0.00397066458776 0 -0.00516756566553 0 -0.00396733190998 0 -0.00131283644064 0 -0.000727365970008 -0.000169875599961 -0.000226063503966 -0.000278080892805 -0.000371907818522 -0.000486796606112 -0.000760589985381 -0.000490246026154 0 -0.00104191766407 -0.00149233330097 -0.00218984364873 0 -0.000582629824725 -0.00414288035468 0 -0.00810613253158 -0.103714731131 -0.359980544771 -0.293194344146 -0.0271453602114 0 0.00325961765152 0 0.00175119253428 0.000354919702913 0 0.00111095857699 0 0.00208420204958 0 0.00139808077274 0 0.000943809877334 0 0.00052427978272 0 0.00083518035121 0 8.72711585186e-05 0.000166634802568 0 0 0 0 0 0 0 0 0 0 0 0 0 0 0 0 0
0 0 0 0 0 0 0 0 0 0 0 0 0 0 0 0 2.57862384199e-05 0 0.000177726403951 0.000109709586963 7.11562429644e-06 0 0.000539672041876 0 0.00130579066943 0 0 0.00279751568751 0 0.00187462678045 0 0 0.00305691414044 0 0.00131589967833 0.00109735250721 0.000276846797498 0 0.00267357597702 0.0697538324573 0.0113682537691 -0.201519622264 -0.257300918057 -0.107582702179 -0.010975248619 0 0 -0.00205969056914 -0.00141965629649 -0.000616866460736 0 -0.000779239841961 -0.000751865688816 -0.000496560671348 -0.000388713158531 -0.000300194418938 -0.000253873674449 -0.000199385673144 -0.000763063213713 0 -0.00136013184131 0 -0.00400263846531 0 -0.00519953954308 0 -0.00399930578753 0 -0.0013448103182 0 -0.000759339847559 -0.000201849477512 -0.000258037381517 -0.000310054770357 -0.000403881696073 -0.000518770483664 -0.000792563862933 -0.000522219903706 0 -0.00107389154162 -0.00152430717852 -0.00222181752628 0 -0.000729331843077 -0.063635207404 -0.276425891334 -0.354854242917 -0.246531547104 0.0144735167237 0 0.0038201823167 0 0.00346441765152 0 0.00195599253428 0.000559719702913 0 0.00131575857699 0 0.00228900204958 0 0.00160288077274 0 0.00114860987733 0 0.000729079782719 0 0.00103998035121 0 0.000292071158518 0.000371434802568 0 9.57446573824e-05 0 1.38777878078e-17 1.38777878078e-17 1.38777878078e-17 1.38777878078e-17 1.38777878078e-17 1.38777878078e-17 1.38777878078e-17 1.38777878078e-17 1.38777878078e-17 1.38777878078e-17 1.38777878078e-17 1.38777878078e-17 1.38777878078e-17 1.38777878078e-17
0 0 0 0 0 0 0 0 0 0 0 0 0 0 0 0 2.57862384199e-05 0 0.000177726403951 0.000109709586963 7.11562429644e-06 0 0.000539672041876 0 0.00130579066943 0 0 0.00279751568751 0 0.00187462678045 0 0 0.00305691414044 0 0.00131589967833 0.00109735250721 0.000276846797498 0 0 0.0043033666351 0 0.0246291187774 0.0969293482849 -0.08585059749 -0.203775328503 -0.224225806058 -0.163481393787 -0.0379993567367 -0.00100934516425 -8.45954403259e-05 0 -0.000246968821551 -0.000219594668406 0 0 0 0 0 -0.000230792193303 0 -0.000827860820895 0 -0.0034703674449 0 -0.00466726852267 0 -0.00346703476712 0 -0.000812539297786 0 -0.00022706882715 0 0 0 0 0 -0.000260292842523 0 0 -0.000541620521215 -0.0085997264909 -0.11552589112 -0.308985947742 -0.327573437957 -0.274672641568 -0.0689351675111 0 0.00518846302215 0 0 0.0038201823167 0 0.00346441765152 0 0.00195599253428 0.000559719702913 0 0.00131575857699 0 0.00228900204958 0 0.00160288077274 0 0.00114860987733 0 0.00072907978272 0 0.00103998035121 0 0.000292071158519 0.000371434802568 0 9.57446573831e-05 0 7.24680732089e-16 7.24680732089e-16 7.24680732089e-16 7.24680732089e-16 7.24680732089e-16 7.24680732089e-16 7.24680732089e-16 7.24680732089e-16 7.24680732089e-16 7.24680732089e-16 7.24680732089e-16 7.24680732089e-16 7.24680732089e-16 7.24680732089e-16
0 0 0 0 0 0 0 0 0 0 0 0 0 0 0 0 2.57862384199e-05 0 0.000177726403951 0.000109709586963 7.11562429644e-06 0 0.000539672041876 0 0.00130579066943 0 0 0.00279751568751 0 0.00187462678045 0 0 0.00305691414044 0 0.00131589967833 0.00109735250721 0.000276846797498 0 0 0.0043033666351 0 0.003768595968 0 0 0.0185314116487 0.0770711869049 -0.0157189203125 -0.143972969667 -0.210971655188 -0.284856791434 -0.198292711625 -0.0902803020191 -0.0135216977366 -0.000320704344817 -0.000212856832 -0.000124338092408 -7.80173479185e-05 -2.35293466134e-05 -0.000587206887182 0 -0.00118427551477 0 -0.00382678213878 0 -0.00502368321655 0 -0.003823449461 0 -0.00116895399166 0 -0.000583483521029 -2.59931509815e-05 -8.21810549865e-05 -0.000134198443826 -0.000228025369542 -0.00120418445408 -0.0436861592116 -0.160382060816 -0.30404542132 -0.314010718753 -0.282601300379 -0.196293671209 -0.0123224538278 0.00149568635704 0 0.0074837010129 0 0.00518846302215 0 0 0.0038201823167 0 0.00346441765152 0 0.00195599253428 0.000559719702912 0 0.00131575857699 0 0.00228900204958 0 0.00160288077274 0 0.00114860987733 0 0.000729079782719 0 0.00103998035121 0 0.000292071158518 0.000371434802567 0 9.57446573821e-05 0 0 0 0 0 0 0 0 0 0 0 0 0 0 0
0 0 0 0 0 0 0 0 0 0 0 0 0 0 0 0 2.57862384199e-05 0 0.000177726403951 0.000109709586963 7.11562429644e-06 0 0.000539672041876 0 0.00130579066943 0 0 0.00279751568751 0 0.00187462678045 0 0 0.00305691414044 0 0.00131589967833 0.00109735250721 0.000276846797498 0 0 0.0043033666351 0 0.003768595968 0 0 0 7.49545064519e-05 0.00235467743782 0.000207869115956 0.0254913081322 0.0675552886435 0.0167384543868 -0.104783639325 -0.19252021975 -0.245490552348 -0.188622605565 -0.337442180042 -0.252655717505 -0.185128378253 -0.132569527862 -0.0875991659565 -0.0560012101562 -0.0282169380247 -0.0175541682685 0 -0.00705125577603 -0.00225071587781 -0.0230715448511 -0.0371235041253 -0.0708214677193 -0.108188053344 -0.160828073484 -0.228517790868 -0.310402391001 -0.34774218714 -0.287964476179 -0.312845060826 -0.251954041379 -0.150259984998 0.0559551943245 0.0079306871868 0.0018840637505 0 0.00714385601248 0 0 0.0074837010129 0 0.00518846302215 0 0 0.0038201823167 0 0.00346441765152 0 0.00195599253428 0.000559719702912 0 0.00131575857699 0 0.00228900204958 0 0.00160288077274 0 0.00114860987733 0 0.000729079782719 0 0.00103998035121 0 0.000292071158518 0.000371434802567 0 9.57446573821e-05 0 0 0 0 0 0 0 0 0 0 0 0 0 0 0
0 0 0 0 0 0 0 0 0 0 0 0 0 0 0 0 2.57862384199e-05 0 0.000177726403951 0.000109709586963 7.11562429644e-06 0 0.000539672041876 0 0.00130579066943 0 0 0.00279751568751 0 0.00187462678045 0 0 0.00305691414044 0 0.00131589967833 0.00109735250721 0.000276846797498 0 0 0.0043033666351 0 0.003768595968 0 0 0 7.49545064519e-05 0.00235467743782 0 0.000565465270854 0 0.00705598184664 0 0.00182028688742 0.0176052414718 0.0357446597099 0.0631082612538 0.0978073871796 -0.120023855427 -0.0927822745702 -0.0642891119857 -0.225790163739 -0.267170662684 -0.260366730749 -0.251642772851 -0.257964802596 -0.254835842098 -0.278719660287 -0.2955828726 -0.199958478733 -0.0993940224438 -0.131253662398 -0.0433723954804 0.0535958448778 0.0307909693607 0.00732182162717 0 0.00332736813163 0 0.00734805473407 0 0.00167299663644 0 0.00714385601248 0 0 0.0074837010129 0 0.00518846302215 0 0 0.0038201823167 0 0.00346441765152 0 0.00195599253428 0.000559719702913 0 0.00131575857699 0 0.00228900204958 0 0.00160288077274 0 0.00114860987733 0 0.00072907978272 0 0.00103998035121 0 0.000292071158518 0.000371434802568 0 9.57446573827e-05 0 2.5023386141e-16 2.5023386141e-16 2.5023386141e-16 2.5023386141e-16 2.5023386141e-16 2.5023386141e-16 2.5023386141e-16 2.5023386141e-16 2.5023386141e-16 2.5023386141e-16 2.5023386141e-16 2.5023386141e-16 2.5023386141e-16 2.5023386141e-16
0 0 0 0 0 0 0 0 0 0 0 0 0 0 0 0 2.57862384199e-05 0 0.000177726403951 0.000109709586963 7.11562429644e-06 0 0.000539672041876 0 0.00130579066943 0 0 0.00279751568751 0 0.00187462678045 0 0 0.00305691414044 0 0.00131589967833 0.00109735250721 0.000276846797498 0 0 0.0043033666351 0 0.003768595968 0 0 0 7.49545064519e-05 0.00235467743782 0 0.000565465270854 0 0.00705598184664 0 0 0.0023098375384 0 0 0.00185825494552 0.0016672818782 0 0 0.000261401931321 0.00373860886683 0 0.000467311457089 0 0.00624065489365 0 0.000784579517921 0 0.0024212864502 0.0014710578885 0 0 0.00265454399971 0 0 0.00332736813163 0 0.00734805473407 0 0.00167299663644 0 0.00714385601248 0 0 0.0074837010129 0 0.00518846302215 0 0 0.0038201823167 0 0.00346441765152 0 0.00195599253428 0.000559719702913 0 0.00131575857699 0 0.00228900204958 0 0.00160288077274 0 0.00114860987733 0 0.000729079782719 0 0.00103998035121 0 0.000292071158518 0.000371434802568 0 9.57446573824e-05 0 0 0 0 0 0 0 0 0 0 0 0 0 0 0
0 0 0 0 0 0 0 0 0 0 0 0 0 0 0 0 2.57862384199e-05 0 0.000177726403951 0.000109709586963 7.11562429644e-06 0 0.000539672041876 0 0.00130579066943 0 0 0.00279751568751 0 0.00187462678045 0 0 0.00305691414044 0 0.00131589967833 0.00109735250721 0.000276846797498 0 0 0.0043033666351 0 0.003768595968 0 0 0 7.49545064519e-05 0.00235467743782 0 0.000565465270854 0 0.00705598184664 0 0 0.0023098375384 0 0 0.00185825494552 0.0016672818782 0 0 0.000261401931321 0.00373860886683 0 0.000467311457089 0 0.00624065489365 0 0.000784579517921 0 0.0024212864502 0.0014710578885 0 0 0.00265454399971 0 0 0.00332736813163 0 0.00734805473407 0 0.00167299663644 0 0.00714385601248 0 0 0.0074837010129 0 0.00518846302215 0 0 0.0038201823167 0 0.00346441765152 0 0.00195599253428 0.000559719702913 0 0.00131575857699 0 0.00228900204958 0 0.00160288077274 0 0.00114860987733 0 0.000729079782719 0 0.00103998035121 0 0.000292071158518 0.000371434802568 0 9.57446573824e-05 0 0 0 0 0 0 0 0 0 0 0 0 0 0 0
0 0 0 0 0 0 0 0 0 0 0 0 0 0 0 0 2.57862384199e-05 0 0.000177726403951 0.000109709586963 7.11562429644e-06 0 0.000539672041876 0 0.00130579066943 0 0 0.00279751568751 0 0.00187462678045 0 0 0.00305691414044 0 0.00131589967833 0.00109735250721 0.000276846797498 0 0 0.0043033666351 0 0.003768595968 0 0 0 7.49545064519e-05 0.00235467743782 0 0.000565465270854 0 0.00705598184664 0 0 0.0023098375384 0 0 0.00185825494552 0.0016672818782 0 0 0.000261401931321 0.00373860886683 0 0.000467311457089 0 0.00624065489365 0 0.000784579517921 0 0.0024212864502 0.0014710578885 0 0 0.00265454399971 0 0 0.00332736813163 0 0.00734805473407 0 0.00167299663644 0 0.00714385601248 0 0 0.0074837010129 0 0.00518846302215 0 0 0.0038201823167 0 0.00346441765152 0 0.00195599253428 0.000559719702913 0 0.00131575857699 0 0.00228900204958 0 0.00160288077274 0 0.00114860987733 0 0.000729079782719 0 0.00103998035121 0 0.000292071158518 0.000371434802568 0 9.57446573824e-05 0 0 0 0 0 0 0 0 0 0 0 0 0 0 0
0 0 0 0 0 0 0 0 0 0 0 0 0 0 0 0 2.57862384199e-05 0 0.000177726403951 0.000109709586963 7.11562429644e-06 0 0.000539672041876 0 0.00130579066943 0 0 0.00279751568751 0 0.00187462678045 0 0 0.00305691414044 0 0.00131589967833 0.00109735250721 0.000276846797498 0 0 0.0043033666351 0 0.003768595968 0 0 0 7.49545064519e-05 0.00235467743782 0 0.000565465270854 0 0.00705598184664 0 0 0.0023098375384 0 0 0.00185825494552 0.0016672818782 0 0 0.000261401931321 0.00373860886683 0 0.000467311457089 0 0.00624065489365 0 0.000784579517921 0 0.0024212864502 0.0014710578885 0 0 0.00265454399971 0 0 0.00332736813163 0 0.00734805473407 0 0.00167299663644 0 0.00714385601248 0 0 0.0074837010129 0 0.00518846302215 0 0 0.0038201823167 0 0.00346441765152 0 0.00195599253428 0.000559719702913 0 0.00131575857699 0 0.00228900204958 0 0.00160288077274 0 0.00114860987733 0 0.000729079782719 0 0.00103998035121 0 0.000292071158518 0.000371434802568 0 9.57446573824e-05 0 0 0 0 0 0 0 0 0 0 0 0 0 0 0
0 0 0 0 0 0 0 0 0 0 0 0 0 0 0 0 2.57862384199e-05 0 0.000177726403951 0.000109709586963 7.11562429644e-06 0 0.000539672041876 0 0.00130579066943 0 0 0.00279751568751 0 0.00187462678045 0 0 0.00305691414044 0 0.00131589967833 0.00109735250721 0.000276846797498 0 0 0.0043033666351 0 0.003768595968 0 0 0 7.49545064519e-05 0.00235467743782 0 0.000565465270854 0 0.00705598184664 0 0 0.0023098375384 0 0 0.00185825494552 0.0016672818782 0 0 0.000261401931321 0.00373860886683 0 0.000467311457089 0 0.00624065489365 0 0.000784579517921 0 0.0024212864502 0.0014710578885 0 0 0.00265454399971 0 0 0.00332736813163 0 0.00734805473407 0 0.00167299663644 0 0.00714385601248 0 0 0.0074837010129 0 0.00518846302215 0 0 0.0038201823167 0 0.00346441765152 0 0.00195599253428 0.000559719702913 0 0.00131575857699 0 0.00228900204958 0 0.00160288077274 0 0.00114860987733 0 0.000729079782719 0 0.00103998035121 0 0.000292071158518 0.000371434802568 0 9.57446573824e-05 0 0 0 0 0 0 0 0 0 0 0 0 0 0 0
0 0 0 0 0 0 0 0 0 0 0 0 0 0 0 0 2.57862384199e-05 0 0.000177726403951 0.000109709586963 7.11562429644e-06 0 0.000539672041876 0 0.00130579066943 0 0 0.00279751568751 0 0.00187462678045 0 0 0.00305691414044 0 0.00131589967833 0.00109735250721 0.000276846797498 0 0 0.0043033666351 0 0.003768595968 0 0 0 7.49545064519e-05 0.00235467743782 0 0.000565465270854 0 0.00705598184664 0 0 0.0023098375384 0 0 0.00185825494552 0.0016672818782 0 0 0.000261401931321 0.00373860886683 0 0.000467311457089 0 0.00624065489365 0 0.000784579517921 0 0.0024212864502 0.0014710578885 0 0 0.00265454399971 0 0 0.00332736813163 0 0.00734805473407 0 0.00167299663644 0 0.00714385601248 0 0 0.0074837010129 0 0.00518846302215 0 0 0.0038201823167 0 0.00346441765152 0 0.00195599253428 0.000559719702913 0 0.00131575857699 0 0.00228900204958 0 0.00160288077274 0 0.00114860987733 0 0.000729079782719 0 0.00103998035121 0 0.000292071158518 0.000371434802568 0 9.57446573824e-05 0 0 0 0 0 0 0 0 0 0 0 0 0 0 0
0 0 0 0 0 0 0 0 0 0 0 0 0 0 0 0 2.57862384199e-05 0 0.000177726403951 0.000109709586963 7.11562429644e-06 0 0.000539672041876 0 0.00130579066943 0 0 0.00279751568751 0 0.00187462678045 0 0 0.00305691414044 0 0.00131589967833 0.00109735250721 0.000276846797498 0 0 0.0043033666351 0 0.003768595968 0 0 0 7.49545064519e-05 0.00235467743782 0 0.000565465270854 0 0.00705598184664 0 0 0.0023098375384 0 0 0.00185825494552 0.0016672818782 0 0 0.000261401931321 0.00373860886683 0 0.000467311457089 0 0.00624065489365 0 0.000784579517921 0 0.0024212864502 0.0014710578885 0 0 0.00265454399971 0 0 0.00332736813163 0 0.00734805473407 0 0.00167299663644 0 0.00714385601248 0 0 0.0074837010129 0 0.00518846302215 0 0 0.0038201823167 0 0.00346441765152 0 0.00195599253428 0.000559719702913 0 0.00131575857699 0 0.00228900204958 0 0.00160288077274 0 0.00114860987733 0 0.000729079782719 0 0.00103998035121 0 0.000292071158518 0.000371434802568 0 9.57446573824e-05 0 0 0 0 0 0 0 0 0 0 0 0 0 0 0
0 0 0 0 0 0 0 0 0 0 0 0 0 0 0 0 2.57862384199e-05 0 0.000177726403951 0.000109709586963 7.11562429644e-06 0 0.000539672041876 0 0.00130579066943 0 0 0.00279751568751 0 0.00187462678045 0 0 0.00305691414044 0 0.00131589967833 0.00109735250721 0.000276846797498 0 0 0.0043033666351 0 0.003768595968 0 0 0 7.49545064519e-05 0.00235467743782 0 0.000565465270854 0 0.00705598184664 0 0 0.0023098375384 0 0 0.00185825494552 0.0016672818782 0 0 0.000261401931321 0.00373860886683 0 0.000467311457089 0 0.00624065489365 0 0.000784579517921 0 0.0024212864502 0.0014710578885 0 0 0.00265454399971 0 0 0.00332736813163 0 0.00734805473407 0 0.00167299663644 0 0.00714385601248 0 0 0.0074837010129 0 0.00518846302215 0 0 0.0038201823167 0 0.00346441765152 0 0.00195599253428 0.000559719702913 0 0.00131575857699 0 0.00228900204958 0 0.00160288077274 0 0.00114860987733 0 0.000729079782719 0 0.00103998035121 0 0.000292071158518 0.000371434802568 0 9.57446573824e-05 0 0 0 0 0 0 0 0 0 0 0 0 0 0 0
0 0 0 0 0 0 0 0 0 0 0 0 0 0 0 0 2.57862384199e-05 0 0.000177726403951 0.000109709586963 7.11562429644e-06 0 0.000539672041876 0 0.00130579066943 0 0 0.00279751568751 0 0.00187462678045 0 0 0.00305691414044 0 0.00131589967833 0.00109735250721 0.000276846797498 0 0 0.0043033666351 0 0.003768595968 0 0 0 7.49545064519e-05 0.00235467743782 0 0.000565465270854 0 0.00705598184664 0 0 0.0023098375384 0 0 0.00185825494552 0.0016672818782 0 0 0.000261401931321 0.00373860886683 0 0.000467311457089 0 0.00624065489365 0 0.000784579517921 0 0.0024212864502 0.0014710578885 0 0 0.00265454399971 0 0 0.00332736813163 0 0.00734805473407 0 0.00167299663644 0 0.00714385601248 0 0 0.0074837010129 0 0.00518846302215 0 0 0.0038201823167 0 0.00346441765152 0 0.00195599253428 0.000559719702913 0 0.00131575857699 0 0.00228900204958 0 0.00160288077274 0 0.00114860987733 0 0.000729079782719 0 0.00103998035121 0 0.000292071158518 0.000371434802568 0 9.57446573824e-05 0 0 0 0 0 0 0 0 0 0 0 0 0 0 0
0 0 0 0 0 0 0 0 0 0 0 0 0 0 0 0 2.57862384199e-05 0 0.000177726403951 0.000109709586963 7.11562429644e-06 0 0.000539672041876 0 0.00130579066943 0 0 0.00279751568751 0 0.00187462678045 0 0 0.00305691414044 0 0.00131589967833 0.00109735250721 0.000276846797498 0 0 0.0043033666351 0 0.003768595968 0 0 0 7.49545064519e-05 0.00235467743782 0 0.000565465270854 0 0.00705598184664 0 0 0.0023098375384 0 0 0.00185825494552 0.0016672818782 0 0 0.000261401931321 0.00373860886683 0 0.000467311457089 0 0.00624065489365 0 0.000784579517921 0 0.0024212864502 0.0014710578885 0 0 0.00265454399971 0 0 0.00332736813163 0 0.00734805473407 0 0.00167299663644 0 0.00714385601248 0 0 0.0074837010129 0 0.00518846302215 0 0 0.0038201823167 0 0.00346441765152 0 0.00195599253428 0.000559719702913 0 0.00131575857699 0 0.00228900204958 0 0.00160288077274 0 0.00114860987733 0 0.000729079782719 0 0.00103998035121 0 0.000292071158518 0.000371434802568 0 9.57446573824e-05 0 0 0 0 0 0 0 0 0 0 0 0 0 0 0
0 0 0 0 0 0 0 0 0 0 0 0 0 0 0 0 2.57862384199e-05 0 0.000177726403951 0.000109709586963 7.11562429644e-06 0 0.000539672041876 0 0.00130579066943 0 0 0.00279751568751 0 0.00187462678045 0 0 0.00305691414044 0 0.00131589967833 0.00109735250721 0.000276846797498 0 0 0.0043033666351 0 0.003768595968 0 0 0 7.49545064519e-05 0.00235467743782 0 0.000565465270854 0 0.00705598184664 0 0 0.0023098375384 0 0 0.00185825494552 0.0016672818782 0 0 0.000261401931321 0.00373860886683 0 0.000467311457089 0 0.00624065489365 0 0.000784579517921 0 0.0024212864502 0.0014710578885 0 0 0.00265454399971 0 0 0.00332736813163 0 0.00734805473407 0 0.00167299663644 0 0.00714385601248 0 0 0.0074837010129 0 0.00518846302215 0 0 0.0038201823167 0 0.00346441765152 0 0.00195599253428 0.000559719702913 0 0.00131575857699 0 0.00228900204958 0 0.00160288077274 0 0.00114860987733 0 0.000729079782719 0 0.00103998035121 0 0.000292071158518 0.000371434802568 0 9.57446573824e-05 0 0 0 0 0 0 0 0 0 0 0 0 0 0 0
0 0 0 0 0 0 0 0 0 0 0 0 0 0 0 0 2.57862384199e-05 0 0.000177726403951 0.000109709586963 7.11562429644e-06 0 0.000539672041876 0 0.00130579066943 0 0 0.00279751568751 0 0.00187462678045 0 0 0.00305691414044 0 0.00131589967833 0.00109735250721 0.000276846797498 0 0 0.0043033666351 0 0.003768595968 0 0 0 7.49545064519e-05 0.00235467743782 0 0.000565465270854 0 0.00705598184664 0 0 0.0023098375384 0 0 0.00185825494552 0.0016672818782 0 0 0.000261401931321 0.00373860886683 0 0.000467311457089 0 0.00624065489365 0 0.000784579517921 0 0.0024212864502 0.0014710578885 0 0 0.00265454399971 0 0 0.00332736813163 0 0.00734805473407 0 0.00167299663644 0 0.00714385601248 0 0 0.0074837010129 0 0.00518846302215 0 0 0.0038201823167 0 0.00346441765152 0 0.00195599253428 0.000559719702913 0 0.00131575857699 0 0.00228900204958 0 0.00160288077274 0 0.00114860987733 0 0.000729079782719 0 0.00103998035121 0 0.000292071158518 0.000371434802568 0 9.57446573824e-05 0 0 0 0 0 0 0 0 0 0 0 0 0 0 0
0 0 0 0 0 0 0 0 0 0 0 0 0 0 0 0 2.57862384199e-05 0 0.000177726403951 0.000109709586963 7.11562429644e-06 0 0.000539672041876 0 0.00130579066943 0 0 0.00279751568751 0 0.00187462678045 0 0 0.00305691414044 0 0.00131589967833 0.00109735250721 0.000276846797498 0 0 0.0043033666351 0 0.003768595968 0 0 0 7.49545064519e-05 0.00235467743782 0 0.000565465270854 0 0.00705598184664 0 0 0.0023098375384 0 0 0.00185825494552 0.0016672818782 0 0 0.000261401931321 0.00373860886683 0 0.000467311457089 0 0.00624065489365 0 0.000784579517921 0 0.0024212864502 0.0014710578885 0 0 0.00265454399971 0 0 0.00332736813163 0 0.00734805473407 0 0.00167299663644 0 0.00714385601248 0 0 0.0074837010129 0 0.00518846302215 0 0 0.0038201823167 0 0.00346441765152 0 0.00195599253428 0.000559719702913 0 0.00131575857699 0 0.00228900204958 0 0.00160288077274 0 0.00114860987733 0 0.000729079782719 0 0.00103998035121 0 0.000292071158518 0.000371434802568 0 9.57446573824e-05 0 0 0 0 0 0 0 0 0 0 0 0 0 0 0
0 0 0 0 0 0 0 0 0 0 0 0 0 0 0 0 2.57862384199e-05 0 0.000177726403951 0.000109709586963 7.11562429644e-06 0 0.000539672041876 0 0.00130579066943 0 0 0.00279751568751 0 0.00187462678045 0 0 0.00305691414044 0 0.00131589967833 0.00109735250721 0.000276846797498 0 0 0.0043033666351 0 0.003768595968 0 0 0 7.49545064519e-05 0.00235467743782 0 0.000565465270854 0 0.00705598184664 0 0 0.0023098375384 0 0 0.00185825494552 0.0016672818782 0 0 0.000261401931321 0.00373860886683 0 0.000467311457089 0 0.00624065489365 0 0.000784579517921 0 0.0024212864502 0.0014710578885 0 0 0.00265454399971 0 0 0.00332736813163 0 0.00734805473407 0 0.00167299663644 0 0.00714385601248 0 0 0.0074837010129 0 0.00518846302215 0 0 0.0038201823167 0 0.00346441765152 0 0.00195599253428 0.000559719702913 0 0.00131575857699 0 0.00228900204958 0 0.00160288077274 0 0.00114860987733 0 0.000729079782719 0 0.00103998035121 0 0.000292071158518 0.000371434802568 0 9.57446573824e-05 0 0 0 0 0 0 0 0 0 0 0 0 0 0 0
0 0 0 0 0 0 0 0 0 0 0 0 0 0 0 0 2.57862384199e-05 0 0.000177726403951 0.000109709586963 7.11562429644e-06 0 0.000539672041876 0 0.00130579066943 0 0 0.00279751568751 0 0.00187462678045 0 0 0.00305691414044 0 0.00131589967833 0.00109735250721 0.000276846797498 0 0 0.0043033666351 0 0.003768595968 0 0 0 7.49545064519e-05 0.00235467743782 0 0.000565465270854 0 0.00705598184664 0 0 0.0023098375384 0 0 0.00185825494552 0.0016672818782 0 0 0.000261401931321 0.00373860886683 0 0.000467311457089 0 0.00624065489365 0 0.000784579517921 0 0.0024212864502 0.0014710578885 0 0 0.00265454399971 0 0 0.00332736813163 0 0.00734805473407 0 0.00167299663644 0 0.00714385601248 0 0 0.0074837010129 0 0.00518846302215 0 0 0.0038201823167 0 0.00346441765152 0 0.00195599253428 0.000559719702913 0 0.00131575857699 0 0.00228900204958 0 0.00160288077274 0 0.00114860987733 0 0.000729079782719 0 0.00103998035121 0 0.000292071158518 0.000371434802568 0 9.57446573824e-05 0 0 0 0 0 0 0 0 0 0 0 0 0 0 0
0 0 0 0 0 0 0 0 0 0 0 0 0 0 0 0 2.57862384199e-05 0 0.000177726403951 0.000109709586963 7.11562429644e-06 0 0.000539672041876 0 0.00130579066943 0 0 0.00279751568751 0 0.00187462678045 0 0 0.00305691414044 0 0.00131589967833 0.00109735250721 0.000276846797498 0 0 0.0043033666351 0 0.003768595968 0 0 0 7.49545064519e-05 0.00235467743782 0 0.000565465270854 0 0.00705598184664 0 0 0.0023098375384 0 0 0.00185825494552 0.0016672818782 0 0 0.000261401931321 0.00373860886683 0 0.000467311457089 0 0.00624065489365 0 0.000784579517921 0 0.0024212864502 0.0014710578885 0 0 0.00265454399971 0 0 0.00332736813163 0 0.00734805473407 0 0.00167299663644 0 0.00714385601248 0 0 0.0074837010129 0 0.00518846302215 0 0 0.0038201823167 0 0.00346441765152 0 0.00195599253428 0.000559719702913 0 0.00131575857699 0 0.00228900204958 0 0.00160288077274 0 0.00114860987733 0 0.000729079782719 0 0.00103998035121 0 0.000292071158518 0.000371434802568 0 9.57446573824e-05 0 0 0 0 0 0 0 0 0 0 0 0 0 0 0
0 0 0 0 0 0 0 0 0 0 0 0 0 0 0 0 2.57862384199e-05 0 0.000177726403951 0.000109709586963 7.11562429644e-06 0 0.000539672041876 0 0.00130579066943 0 0 0.00279751568751 0 0.00187462678045 0 0 0.00305691414044 0 0.00131589967833 0.00109735250721 0.000276846797498 0 0 0.0043033666351 0 0.003768595968 0 0 0 7.49545064519e-05 0.00235467743782 0 0.000565465270854 0 0.00705598184664 0 0 0.0023098375384 0 0 0.00185825494552 0.0016672818782 0 0 0.000261401931321 0.00373860886683 0 0.000467311457089 0 0.00624065489365 0 0.000784579517921 0 0.0024212864502 0.0014710578885 0 0 0.00265454399971 0 0 0.00332736813163 0 0.00734805473407 0 0.00167299663644 0 0.00714385601248 0 0 0.0074837010129 0 0.00518846302215 0 0 0.0038201823167 0 0.00346441765152 0 0.00195599253428 0.000559719702913 0 0.00131575857699 0 0.00228900204958 0 0.00160288077274 0 0.00114860987733 0 0.000729079782719 0 0.00103998035121 0 0.000292071158518 0.000371434802568 0 9.57446573824e-05 0 0 0 0 0 0 0 0 0 0 0 0 0 0 0
0 0 0 0 0 0 0 0 0 0 0 0 0 0 0 0 2.57862384199e-05 0 0.000177726403951 0.000109709586963 7.11562429644e-06 0 0.000539672041876 0 0.00130579066943 0 0 0.00279751568751 0 0.00187462678045 0 0 0.00305691414044 0 0.00131589967833 0.00109735250721 0.000276846797498 0 0 0.0043033666351 0 0.003768595968 0 0 0 7.49545064519e-05 0.00235467743782 0 0.000565465270854 0 0.00705598184664 0 0 0.0023098375384 0 0 0.00185825494552 0.0016672818782 0 0 0.000261401931321 0.00373860886683 0 0.000467311457089 0 0.00624065489365 0 0.000784579517921 0 0.0024212864502 0.0014710578885 0 0 0.00265454399971 0 0 0.00332736813163 0 0.00734805473407 0 0.00167299663644 0 0.00714385601248 0 0 0.0074837010129 0 0.00518846302215 0 0 0.0038201823167 0 0.00346441765152 0 0.00195599253428 0.000559719702913 0 0.00131575857699 0 0.00228900204958 0 0.00160288077274 0 0.00114860987733 0 0.000729079782719 0 0.00103998035121 0 0.000292071158518 0.000371434802568 0 9.57446573824e-05 0 0 0 0 0 0 0 0 0 0 0 0 0 0 0
0 0 0 0 0 0 0 0 0 0 0 0 0 0 0 0 2.57862384199e-05 0 0.000177726403951 0.000109709586963 7.11562429644e-06 0 0.000539672041876 0 0.00130579066943 0 0 0.00279751568751 0 0.00187462678045 0 0 0.00305691414044 0 0.00131589967833 0.00109735250721 0.000276846797498 0 0 0.0043033666351 0 0.003768595968 0 0 0 7.49545064519e-05 0.00235467743782 0 0.000565465270854 0 0.00705598184664 0 0 0.0023098375384 0 0 0.00185825494552 0.0016672818782 0 0 0.000261401931321 0.00373860886683 0 0.000467311457089 0 0.00624065489365 0 0.000784579517921 0 0.0024212864502 0.0014710578885 0 0 0.00265454399971 0 0 0.00332736813163 0 0.00734805473407 0 0.00167299663644 0 0.00714385601248 0 0 0.0074837010129 0 0.00518846302215 0 0 0.0038201823167 0 0.00346441765152 0 0.00195599253428 0.000559719702913 0 0.00131575857699 0 0.00228900204958 0 0.00160288077274 0 0.00114860987733 0 0.000729079782719 0 0.00103998035121 0 0.000292071158518 0.000371434802568 0 9.57446573824e-05 0 0 0 0 0 0 0 0 0 0 0 0 0 0 0
